img_path,patient_age,patient_sex
ImageFolders/filtered_images/img00005.png,22.0,1
ImageFolders/filtered_images/img00006.png,22.0,1
ImageFolders/filtered_images/img00007.png,22.0,1
ImageFolders/filtered_images/img00008.png,22.0,1
ImageFolders/filtered_images/img00011.png,14.0,1
ImageFolders/filtered_images/img00012.png,14.0,1
ImageFolders/filtered_images/img00013.png,20.0,1
ImageFolders/filtered_images/img00014.png,20.0,1
ImageFolders/filtered_images/img00017.png,13.0,2
ImageFolders/filtered_images/img00018.png,13.0,2
ImageFolders/filtered_images/img00019.png,37.0,1
ImageFolders/filtered_images/img00020.png,37.0,1
ImageFolders/filtered_images/img00021.png,21.0,2
ImageFolders/filtered_images/img00022.png,21.0,2
ImageFolders/filtered_images/img00023.png,16.0,2
ImageFolders/filtered_images/img00024.png,16.0,2
ImageFolders/filtered_images/img00025.png,24.0,2
ImageFolders/filtered_images/img00026.png,24.0,2
ImageFolders/filtered_images/img00027.png,20.0,2
ImageFolders/filtered_images/img00028.png,20.0,2
ImageFolders/filtered_images/img00031.png,19.0,2
ImageFolders/filtered_images/img00032.png,19.0,2
ImageFolders/filtered_images/img00033.png,24.0,1
ImageFolders/filtered_images/img00034.png,24.0,1
ImageFolders/filtered_images/img00035.png,22.0,1
ImageFolders/filtered_images/img00036.png,22.0,1
ImageFolders/filtered_images/img00037.png,20.0,2
ImageFolders/filtered_images/img00038.png,20.0,2
ImageFolders/filtered_images/img00039.png,42.0,1
ImageFolders/filtered_images/img00040.png,42.0,1
ImageFolders/filtered_images/img00041.png,14.0,1
ImageFolders/filtered_images/img00042.png,14.0,1
ImageFolders/filtered_images/img00043.png,21.0,1
ImageFolders/filtered_images/img00044.png,21.0,1
ImageFolders/filtered_images/img00045.png,17.0,2
ImageFolders/filtered_images/img00046.png,17.0,2
ImageFolders/filtered_images/img00049.png,28.0,2
ImageFolders/filtered_images/img00050.png,28.0,2
ImageFolders/filtered_images/img00053.png,24.0,2
ImageFolders/filtered_images/img00054.png,13.0,2
ImageFolders/filtered_images/img00055.png,13.0,2
ImageFolders/filtered_images/img00056.png,13.0,2
ImageFolders/filtered_images/img00057.png,13.0,2
ImageFolders/filtered_images/img00058.png,19.0,2
ImageFolders/filtered_images/img00059.png,19.0,2
ImageFolders/filtered_images/img00060.png,27.0,1
ImageFolders/filtered_images/img00061.png,27.0,1
ImageFolders/filtered_images/img00062.png,18.0,1
ImageFolders/filtered_images/img00063.png,18.0,1
ImageFolders/filtered_images/img00064.png,20.0,1
ImageFolders/filtered_images/img00065.png,20.0,1
ImageFolders/filtered_images/img00066.png,21.0,2
ImageFolders/filtered_images/img00067.png,21.0,2
ImageFolders/filtered_images/img00072.png,20.0,1
ImageFolders/filtered_images/img00073.png,20.0,1
ImageFolders/filtered_images/img00076.png,20.0,2
ImageFolders/filtered_images/img00077.png,20.0,2
ImageFolders/filtered_images/img00078.png,21.0,1
ImageFolders/filtered_images/img00079.png,21.0,1
ImageFolders/filtered_images/img00080.png,25.0,1
ImageFolders/filtered_images/img00081.png,25.0,1
ImageFolders/filtered_images/img00082.png,23.0,2
ImageFolders/filtered_images/img00083.png,23.0,2
ImageFolders/filtered_images/img00084.png,25.0,2
ImageFolders/filtered_images/img00085.png,25.0,2
ImageFolders/filtered_images/img00086.png,21.0,1
ImageFolders/filtered_images/img00087.png,21.0,1
ImageFolders/filtered_images/img00088.png,19.0,2
ImageFolders/filtered_images/img00089.png,19.0,2
ImageFolders/filtered_images/img00090.png,16.0,1
ImageFolders/filtered_images/img00091.png,16.0,1
ImageFolders/filtered_images/img00092.png,21.0,1
ImageFolders/filtered_images/img00093.png,21.0,1
ImageFolders/filtered_images/img00098.png,30.0,1
ImageFolders/filtered_images/img00099.png,30.0,1
ImageFolders/filtered_images/img00100.png,29.0,2
ImageFolders/filtered_images/img00101.png,29.0,2
ImageFolders/filtered_images/img00102.png,37.0,1
ImageFolders/filtered_images/img00103.png,37.0,1
ImageFolders/filtered_images/img00104.png,18.0,1
ImageFolders/filtered_images/img00105.png,18.0,1
ImageFolders/filtered_images/img00106.png,21.0,2
ImageFolders/filtered_images/img00107.png,21.0,2
ImageFolders/filtered_images/img00108.png,21.0,2
ImageFolders/filtered_images/img00109.png,21.0,2
ImageFolders/filtered_images/img00112.png,19.0,1
ImageFolders/filtered_images/img00113.png,19.0,1
ImageFolders/filtered_images/img00114.png,24.0,2
ImageFolders/filtered_images/img00115.png,24.0,2
ImageFolders/filtered_images/img00116.png,26.0,2
ImageFolders/filtered_images/img00117.png,26.0,2
ImageFolders/filtered_images/img00120.png,23.0,1
ImageFolders/filtered_images/img00121.png,23.0,1
ImageFolders/filtered_images/img00122.png,23.0,2
ImageFolders/filtered_images/img00123.png,23.0,2
ImageFolders/filtered_images/img00124.png,22.0,2
ImageFolders/filtered_images/img00125.png,22.0,2
ImageFolders/filtered_images/img00126.png,28.0,2
ImageFolders/filtered_images/img00127.png,28.0,2
ImageFolders/filtered_images/img00134.png,19.0,2
ImageFolders/filtered_images/img00135.png,19.0,2
ImageFolders/filtered_images/img00136.png,21.0,1
ImageFolders/filtered_images/img00137.png,21.0,1
ImageFolders/filtered_images/img00138.png,20.0,1
ImageFolders/filtered_images/img00139.png,20.0,1
ImageFolders/filtered_images/img00140.png,23.0,1
ImageFolders/filtered_images/img00141.png,23.0,1
ImageFolders/filtered_images/img00142.png,24.0,1
ImageFolders/filtered_images/img00143.png,24.0,1
ImageFolders/filtered_images/img00144.png,22.0,1
ImageFolders/filtered_images/img00145.png,22.0,1
ImageFolders/filtered_images/img00146.png,13.0,2
ImageFolders/filtered_images/img00147.png,13.0,2
ImageFolders/filtered_images/img00148.png,20.0,2
ImageFolders/filtered_images/img00149.png,20.0,2
ImageFolders/filtered_images/img00150.png,19.0,1
ImageFolders/filtered_images/img00151.png,19.0,1
ImageFolders/filtered_images/img00152.png,18.0,1
ImageFolders/filtered_images/img00153.png,18.0,1
ImageFolders/filtered_images/img00154.png,24.0,1
ImageFolders/filtered_images/img00155.png,24.0,1
ImageFolders/filtered_images/img00158.png,22.0,1
ImageFolders/filtered_images/img00159.png,22.0,1
ImageFolders/filtered_images/img00162.png,27.0,2
ImageFolders/filtered_images/img00163.png,27.0,2
ImageFolders/filtered_images/img00166.png,29.0,1
ImageFolders/filtered_images/img00167.png,29.0,1
ImageFolders/filtered_images/img00168.png,24.0,2
ImageFolders/filtered_images/img00169.png,19.0,2
ImageFolders/filtered_images/img00170.png,19.0,2
ImageFolders/filtered_images/img00171.png,21.0,2
ImageFolders/filtered_images/img00172.png,21.0,2
ImageFolders/filtered_images/img00173.png,30.0,1
ImageFolders/filtered_images/img00174.png,30.0,1
ImageFolders/filtered_images/img00175.png,21.0,2
ImageFolders/filtered_images/img00176.png,21.0,2
ImageFolders/filtered_images/img00179.png,18.0,1
ImageFolders/filtered_images/img00180.png,18.0,1
ImageFolders/filtered_images/img00181.png,32.0,1
ImageFolders/filtered_images/img00182.png,32.0,1
ImageFolders/filtered_images/img00183.png,57.0,1
ImageFolders/filtered_images/img00184.png,57.0,1
ImageFolders/filtered_images/img00185.png,28.0,1
ImageFolders/filtered_images/img00186.png,28.0,1
ImageFolders/filtered_images/img00187.png,44.0,1
ImageFolders/filtered_images/img00188.png,44.0,1
ImageFolders/filtered_images/img00189.png,24.0,1
ImageFolders/filtered_images/img00190.png,24.0,1
ImageFolders/filtered_images/img00193.png,16.0,1
ImageFolders/filtered_images/img00194.png,16.0,1
ImageFolders/filtered_images/img00195.png,19.0,2
ImageFolders/filtered_images/img00196.png,19.0,2
ImageFolders/filtered_images/img00199.png,25.0,1
ImageFolders/filtered_images/img00200.png,25.0,1
ImageFolders/filtered_images/img00201.png,16.0,1
ImageFolders/filtered_images/img00202.png,16.0,1
ImageFolders/filtered_images/img00203.png,21.0,2
ImageFolders/filtered_images/img00204.png,21.0,2
ImageFolders/filtered_images/img00205.png,23.0,2
ImageFolders/filtered_images/img00206.png,23.0,2
ImageFolders/filtered_images/img00207.png,22.0,2
ImageFolders/filtered_images/img00208.png,22.0,2
ImageFolders/filtered_images/img00211.png,20.0,2
ImageFolders/filtered_images/img00212.png,20.0,2
ImageFolders/filtered_images/img00213.png,32.0,2
ImageFolders/filtered_images/img00214.png,32.0,2
ImageFolders/filtered_images/img00215.png,19.0,2
ImageFolders/filtered_images/img00216.png,19.0,2
ImageFolders/filtered_images/img00219.png,22.0,2
ImageFolders/filtered_images/img00220.png,22.0,2
ImageFolders/filtered_images/img00229.png,25.0,1
ImageFolders/filtered_images/img00230.png,25.0,1
ImageFolders/filtered_images/img00233.png,17.0,2
ImageFolders/filtered_images/img00234.png,17.0,2
ImageFolders/filtered_images/img00235.png,30.0,2
ImageFolders/filtered_images/img00236.png,30.0,2
ImageFolders/filtered_images/img00237.png,17.0,2
ImageFolders/filtered_images/img00238.png,17.0,2
ImageFolders/filtered_images/img00239.png,16.0,1
ImageFolders/filtered_images/img00240.png,16.0,1
ImageFolders/filtered_images/img00241.png,14.0,1
ImageFolders/filtered_images/img00242.png,14.0,1
ImageFolders/filtered_images/img00243.png,28.0,2
ImageFolders/filtered_images/img00244.png,28.0,2
ImageFolders/filtered_images/img00245.png,22.0,2
ImageFolders/filtered_images/img00246.png,22.0,2
ImageFolders/filtered_images/img00247.png,38.0,2
ImageFolders/filtered_images/img00248.png,38.0,2
ImageFolders/filtered_images/img00249.png,22.0,1
ImageFolders/filtered_images/img00250.png,22.0,2
ImageFolders/filtered_images/img00251.png,19.0,1
ImageFolders/filtered_images/img00252.png,19.0,1
ImageFolders/filtered_images/img00257.png,20.0,1
ImageFolders/filtered_images/img00258.png,20.0,1
ImageFolders/filtered_images/img00259.png,19.0,1
ImageFolders/filtered_images/img00260.png,19.0,1
ImageFolders/filtered_images/img00261.png,34.0,2
ImageFolders/filtered_images/img00262.png,34.0,2
ImageFolders/filtered_images/img00263.png,30.0,2
ImageFolders/filtered_images/img00264.png,30.0,2
ImageFolders/filtered_images/img00265.png,29.0,2
ImageFolders/filtered_images/img00266.png,29.0,2
ImageFolders/filtered_images/img00267.png,23.0,2
ImageFolders/filtered_images/img00268.png,23.0,2
ImageFolders/filtered_images/img00279.png,24.0,2
ImageFolders/filtered_images/img00280.png,24.0,2
ImageFolders/filtered_images/img00289.png,42.0,2
ImageFolders/filtered_images/img00290.png,42.0,1
ImageFolders/filtered_images/img00297.png,25.0,2
ImageFolders/filtered_images/img00298.png,25.0,2
ImageFolders/filtered_images/img00301.png,59.0,1
ImageFolders/filtered_images/img00302.png,59.0,1
ImageFolders/filtered_images/img00303.png,18.0,1
ImageFolders/filtered_images/img00304.png,18.0,1
ImageFolders/filtered_images/img00307.png,14.0,2
ImageFolders/filtered_images/img00308.png,14.0,2
ImageFolders/filtered_images/img00309.png,22.0,1
ImageFolders/filtered_images/img00310.png,22.0,1
ImageFolders/filtered_images/img00313.png,20.0,1
ImageFolders/filtered_images/img00314.png,20.0,1
ImageFolders/filtered_images/img00315.png,25.0,1
ImageFolders/filtered_images/img00316.png,25.0,1
ImageFolders/filtered_images/img00321.png,27.0,1
ImageFolders/filtered_images/img00322.png,27.0,1
ImageFolders/filtered_images/img00323.png,19.0,1
ImageFolders/filtered_images/img00324.png,19.0,1
ImageFolders/filtered_images/img00325.png,32.0,2
ImageFolders/filtered_images/img00326.png,32.0,2
ImageFolders/filtered_images/img00328.png,26.0,1
ImageFolders/filtered_images/img00331.png,82.0,2
ImageFolders/filtered_images/img00332.png,82.0,2
ImageFolders/filtered_images/img00333.png,77.0,2
ImageFolders/filtered_images/img00336.png,72.0,1
ImageFolders/filtered_images/img00337.png,72.0,1
ImageFolders/filtered_images/img00338.png,87.0,2
ImageFolders/filtered_images/img00339.png,87.0,2
ImageFolders/filtered_images/img00340.png,80.0,2
ImageFolders/filtered_images/img00341.png,80.0,2
ImageFolders/filtered_images/img00346.png,59.0,2
ImageFolders/filtered_images/img00347.png,59.0,2
ImageFolders/filtered_images/img00348.png,27.0,2
ImageFolders/filtered_images/img00349.png,27.0,2
ImageFolders/filtered_images/img00350.png,26.0,2
ImageFolders/filtered_images/img00351.png,26.0,2
ImageFolders/filtered_images/img00352.png,29.0,2
ImageFolders/filtered_images/img00353.png,29.0,2
ImageFolders/filtered_images/img00354.png,87.0,1
ImageFolders/filtered_images/img00355.png,87.0,1
ImageFolders/filtered_images/img00356.png,91.0,2
ImageFolders/filtered_images/img00359.png,80.0,2
ImageFolders/filtered_images/img00363.png,73.0,2
ImageFolders/filtered_images/img00364.png,66.0,1
ImageFolders/filtered_images/img00365.png,66.0,1
ImageFolders/filtered_images/img00368.png,57.0,2
ImageFolders/filtered_images/img00369.png,57.0,2
ImageFolders/filtered_images/img00372.png,31.0,2
ImageFolders/filtered_images/img00373.png,31.0,2
ImageFolders/filtered_images/img00374.png,45.0,2
ImageFolders/filtered_images/img00377.png,55.0,1
ImageFolders/filtered_images/img00378.png,75.0,1
ImageFolders/filtered_images/img00379.png,75.0,1
ImageFolders/filtered_images/img00380.png,81.0,1
ImageFolders/filtered_images/img00381.png,81.0,1
ImageFolders/filtered_images/img00382.png,66.0,1
ImageFolders/filtered_images/img00383.png,66.0,1
ImageFolders/filtered_images/img00384.png,59.0,1
ImageFolders/filtered_images/img00385.png,59.0,1
ImageFolders/filtered_images/img00386.png,72.0,2
ImageFolders/filtered_images/img00387.png,72.0,2
ImageFolders/filtered_images/img00390.png,64.0,1
ImageFolders/filtered_images/img00391.png,63.0,1
ImageFolders/filtered_images/img00392.png,63.0,1
ImageFolders/filtered_images/img00393.png,46.0,1
ImageFolders/filtered_images/img00396.png,65.0,2
ImageFolders/filtered_images/img00397.png,29.0,2
ImageFolders/filtered_images/img00398.png,29.0,2
ImageFolders/filtered_images/img00401.png,33.0,2
ImageFolders/filtered_images/img00402.png,33.0,2
ImageFolders/filtered_images/img00403.png,59.0,1
ImageFolders/filtered_images/img00404.png,59.0,1
ImageFolders/filtered_images/img00407.png,50.0,1
ImageFolders/filtered_images/img00408.png,65.0,1
ImageFolders/filtered_images/img00409.png,65.0,1
ImageFolders/filtered_images/img00410.png,71.0,2
ImageFolders/filtered_images/img00411.png,71.0,2
ImageFolders/filtered_images/img00412.png,91.0,2
ImageFolders/filtered_images/img00413.png,91.0,2
ImageFolders/filtered_images/img00414.png,34.0,2
ImageFolders/filtered_images/img00415.png,34.0,2
ImageFolders/filtered_images/img00416.png,41.0,2
ImageFolders/filtered_images/img00417.png,41.0,2
ImageFolders/filtered_images/img00420.png,51.0,1
ImageFolders/filtered_images/img00422.png,50.0,1
ImageFolders/filtered_images/img00423.png,50.0,1
ImageFolders/filtered_images/img00426.png,69.0,2
ImageFolders/filtered_images/img00429.png,63.0,2
ImageFolders/filtered_images/img00430.png,63.0,2
ImageFolders/filtered_images/img00431.png,76.0,2
ImageFolders/filtered_images/img00432.png,76.0,2
ImageFolders/filtered_images/img00433.png,66.0,2
ImageFolders/filtered_images/img00434.png,66.0,2
ImageFolders/filtered_images/img00435.png,62.0,1
ImageFolders/filtered_images/img00436.png,62.0,1
ImageFolders/filtered_images/img00437.png,52.0,2
ImageFolders/filtered_images/img00438.png,52.0,2
ImageFolders/filtered_images/img00443.png,70.0,2
ImageFolders/filtered_images/img00444.png,70.0,2
ImageFolders/filtered_images/img00445.png,73.0,2
ImageFolders/filtered_images/img00446.png,73.0,2
ImageFolders/filtered_images/img00447.png,79.0,2
ImageFolders/filtered_images/img00448.png,79.0,2
ImageFolders/filtered_images/img00449.png,84.0,2
ImageFolders/filtered_images/img00450.png,84.0,2
ImageFolders/filtered_images/img00455.png,50.0,1
ImageFolders/filtered_images/img00456.png,50.0,1
ImageFolders/filtered_images/img00459.png,62.0,2
ImageFolders/filtered_images/img00460.png,62.0,2
ImageFolders/filtered_images/img00461.png,74.0,1
ImageFolders/filtered_images/img00462.png,74.0,1
ImageFolders/filtered_images/img00465.png,41.0,2
ImageFolders/filtered_images/img00466.png,41.0,2
ImageFolders/filtered_images/img00468.png,56.0,1
ImageFolders/filtered_images/img00469.png,56.0,1
ImageFolders/filtered_images/img00470.png,54.0,1
ImageFolders/filtered_images/img00471.png,54.0,1
ImageFolders/filtered_images/img00476.png,64.0,2
ImageFolders/filtered_images/img00477.png,64.0,2
ImageFolders/filtered_images/img00480.png,76.0,2
ImageFolders/filtered_images/img00481.png,76.0,2
ImageFolders/filtered_images/img00484.png,60.0,1
ImageFolders/filtered_images/img00485.png,60.0,1
ImageFolders/filtered_images/img00486.png,80.0,2
ImageFolders/filtered_images/img00489.png,70.0,2
ImageFolders/filtered_images/img00490.png,70.0,2
ImageFolders/filtered_images/img00491.png,70.0,1
ImageFolders/filtered_images/img00492.png,70.0,1
ImageFolders/filtered_images/img00493.png,58.0,2
ImageFolders/filtered_images/img00494.png,58.0,2
ImageFolders/filtered_images/img00496.png,73.0,2
ImageFolders/filtered_images/img00497.png,73.0,2
ImageFolders/filtered_images/img00500.png,87.0,2
ImageFolders/filtered_images/img00501.png,87.0,2
ImageFolders/filtered_images/img00502.png,50.0,2
ImageFolders/filtered_images/img00503.png,31.0,2
ImageFolders/filtered_images/img00504.png,52.0,1
ImageFolders/filtered_images/img00505.png,52.0,1
ImageFolders/filtered_images/img00506.png,49.0,2
ImageFolders/filtered_images/img00507.png,29.0,1
ImageFolders/filtered_images/img00508.png,29.0,1
ImageFolders/filtered_images/img00511.png,52.0,2
ImageFolders/filtered_images/img00512.png,52.0,2
ImageFolders/filtered_images/img00513.png,53.0,2
ImageFolders/filtered_images/img00514.png,82.0,2
ImageFolders/filtered_images/img00515.png,82.0,2
ImageFolders/filtered_images/img00518.png,50.0,1
ImageFolders/filtered_images/img00519.png,50.0,1
ImageFolders/filtered_images/img00520.png,60.0,1
ImageFolders/filtered_images/img00521.png,60.0,1
ImageFolders/filtered_images/img00522.png,44.0,1
ImageFolders/filtered_images/img00523.png,44.0,1
ImageFolders/filtered_images/img00524.png,33.0,1
ImageFolders/filtered_images/img00525.png,33.0,1
ImageFolders/filtered_images/img00528.png,46.0,1
ImageFolders/filtered_images/img00529.png,46.0,1
ImageFolders/filtered_images/img00532.png,24.0,1
ImageFolders/filtered_images/img00533.png,24.0,1
ImageFolders/filtered_images/img00534.png,31.0,1
ImageFolders/filtered_images/img00535.png,31.0,1
ImageFolders/filtered_images/img00536.png,20.0,1
ImageFolders/filtered_images/img00537.png,20.0,1
ImageFolders/filtered_images/img00538.png,51.0,2
ImageFolders/filtered_images/img00539.png,51.0,2
ImageFolders/filtered_images/img00540.png,26.0,2
ImageFolders/filtered_images/img00541.png,26.0,2
ImageFolders/filtered_images/img00544.png,62.0,1
ImageFolders/filtered_images/img00552.png,29.0,2
ImageFolders/filtered_images/img00553.png,29.0,2
ImageFolders/filtered_images/img00554.png,71.0,2
ImageFolders/filtered_images/img00555.png,71.0,2
ImageFolders/filtered_images/img00556.png,86.0,1
ImageFolders/filtered_images/img00557.png,86.0,2
ImageFolders/filtered_images/img00558.png,84.0,2
ImageFolders/filtered_images/img00559.png,84.0,2
ImageFolders/filtered_images/img00562.png,86.0,1
ImageFolders/filtered_images/img00563.png,86.0,1
ImageFolders/filtered_images/img00564.png,65.0,2
ImageFolders/filtered_images/img00565.png,65.0,2
ImageFolders/filtered_images/img00571.png,75.0,2
ImageFolders/filtered_images/img00574.png,64.0,2
ImageFolders/filtered_images/img00579.png,65.0,2
ImageFolders/filtered_images/img00580.png,65.0,2
ImageFolders/filtered_images/img00581.png,78.0,2
ImageFolders/filtered_images/img00583.png,58.0,1
ImageFolders/filtered_images/img00584.png,58.0,1
ImageFolders/filtered_images/img00585.png,78.0,1
ImageFolders/filtered_images/img00586.png,78.0,1
ImageFolders/filtered_images/img00587.png,46.0,1
ImageFolders/filtered_images/img00588.png,46.0,1
ImageFolders/filtered_images/img00591.png,69.0,2
ImageFolders/filtered_images/img00592.png,69.0,2
ImageFolders/filtered_images/img00596.png,72.0,2
ImageFolders/filtered_images/img00597.png,72.0,2
ImageFolders/filtered_images/img00605.png,62.0,2
ImageFolders/filtered_images/img00606.png,62.0,2
ImageFolders/filtered_images/img00607.png,46.0,2
ImageFolders/filtered_images/img00608.png,46.0,2
ImageFolders/filtered_images/img00613.png,60.0,2
ImageFolders/filtered_images/img00614.png,60.0,2
ImageFolders/filtered_images/img00615.png,70.0,2
ImageFolders/filtered_images/img00616.png,70.0,2
ImageFolders/filtered_images/img00617.png,68.0,1
ImageFolders/filtered_images/img00618.png,68.0,1
ImageFolders/filtered_images/img00620.png,63.0,1
ImageFolders/filtered_images/img00623.png,80.0,1
ImageFolders/filtered_images/img00624.png,80.0,1
ImageFolders/filtered_images/img00625.png,26.0,2
ImageFolders/filtered_images/img00626.png,26.0,2
ImageFolders/filtered_images/img00627.png,75.0,2
ImageFolders/filtered_images/img00628.png,75.0,2
ImageFolders/filtered_images/img00629.png,76.0,1
ImageFolders/filtered_images/img00630.png,76.0,1
ImageFolders/filtered_images/img00631.png,66.0,1
ImageFolders/filtered_images/img00632.png,66.0,1
ImageFolders/filtered_images/img00633.png,74.0,1
ImageFolders/filtered_images/img00634.png,74.0,1
ImageFolders/filtered_images/img00639.png,81.0,1
ImageFolders/filtered_images/img00640.png,17.0,1
ImageFolders/filtered_images/img00643.png,13.0,1
ImageFolders/filtered_images/img00644.png,13.0,1
ImageFolders/filtered_images/img00647.png,40.0,1
ImageFolders/filtered_images/img00648.png,40.0,1
ImageFolders/filtered_images/img00649.png,69.0,1
ImageFolders/filtered_images/img00650.png,69.0,1
ImageFolders/filtered_images/img00653.png,62.0,1
ImageFolders/filtered_images/img00654.png,62.0,1
ImageFolders/filtered_images/img00657.png,74.0,1
ImageFolders/filtered_images/img00658.png,74.0,1
ImageFolders/filtered_images/img00659.png,47.0,1
ImageFolders/filtered_images/img00660.png,47.0,1
ImageFolders/filtered_images/img00663.png,48.0,1
ImageFolders/filtered_images/img00664.png,48.0,1
ImageFolders/filtered_images/img00666.png,71.0,1
ImageFolders/filtered_images/img00671.png,75.0,1
ImageFolders/filtered_images/img00672.png,75.0,1
ImageFolders/filtered_images/img00673.png,62.0,1
ImageFolders/filtered_images/img00674.png,62.0,1
ImageFolders/filtered_images/img00675.png,70.0,1
ImageFolders/filtered_images/img00676.png,70.0,1
ImageFolders/filtered_images/img00679.png,49.0,1
ImageFolders/filtered_images/img00680.png,49.0,1
ImageFolders/filtered_images/img00681.png,76.0,2
ImageFolders/filtered_images/img00682.png,46.0,2
ImageFolders/filtered_images/img00683.png,46.0,2
ImageFolders/filtered_images/img00684.png,82.0,2
ImageFolders/filtered_images/img00685.png,82.0,2
ImageFolders/filtered_images/img00687.png,62.0,1
ImageFolders/filtered_images/img00688.png,62.0,1
ImageFolders/filtered_images/img00689.png,68.0,2
ImageFolders/filtered_images/img00690.png,68.0,2
ImageFolders/filtered_images/img00691.png,15.0,2
ImageFolders/filtered_images/img00692.png,15.0,2
ImageFolders/filtered_images/img00693.png,14.0,2
ImageFolders/filtered_images/img00694.png,14.0,2
ImageFolders/filtered_images/img00698.png,82.0,1
ImageFolders/filtered_images/img00699.png,29.0,2
ImageFolders/filtered_images/img00700.png,29.0,2
ImageFolders/filtered_images/img00703.png,74.0,2
ImageFolders/filtered_images/img00704.png,74.0,2
ImageFolders/filtered_images/img00705.png,66.0,2
ImageFolders/filtered_images/img00706.png,66.0,2
ImageFolders/filtered_images/img00708.png,23.0,2
ImageFolders/filtered_images/img00709.png,23.0,2
ImageFolders/filtered_images/img00710.png,54.0,1
ImageFolders/filtered_images/img00714.png,82.0,2
ImageFolders/filtered_images/img00715.png,82.0,2
ImageFolders/filtered_images/img00716.png,71.0,2
ImageFolders/filtered_images/img00717.png,71.0,2
ImageFolders/filtered_images/img00718.png,37.0,2
ImageFolders/filtered_images/img00719.png,37.0,2
ImageFolders/filtered_images/img00720.png,75.0,2
ImageFolders/filtered_images/img00721.png,75.0,2
ImageFolders/filtered_images/img00724.png,19.0,1
ImageFolders/filtered_images/img00725.png,19.0,1
ImageFolders/filtered_images/img00726.png,66.0,2
ImageFolders/filtered_images/img00727.png,66.0,2
ImageFolders/filtered_images/img00728.png,60.0,2
ImageFolders/filtered_images/img00729.png,60.0,2
ImageFolders/filtered_images/img00730.png,41.0,2
ImageFolders/filtered_images/img00731.png,41.0,2
ImageFolders/filtered_images/img00734.png,46.0,2
ImageFolders/filtered_images/img00735.png,46.0,2
ImageFolders/filtered_images/img00736.png,48.0,1
ImageFolders/filtered_images/img00737.png,48.0,1
ImageFolders/filtered_images/img00738.png,66.0,1
ImageFolders/filtered_images/img00739.png,66.0,1
ImageFolders/filtered_images/img00740.png,58.0,1
ImageFolders/filtered_images/img00741.png,58.0,1
ImageFolders/filtered_images/img00742.png,79.0,1
ImageFolders/filtered_images/img00743.png,79.0,1
ImageFolders/filtered_images/img00744.png,70.0,1
ImageFolders/filtered_images/img00745.png,70.0,1
ImageFolders/filtered_images/img00746.png,75.0,2
ImageFolders/filtered_images/img00748.png,76.0,2
ImageFolders/filtered_images/img00749.png,76.0,2
ImageFolders/filtered_images/img00750.png,91.0,2
ImageFolders/filtered_images/img00751.png,91.0,2
ImageFolders/filtered_images/img00752.png,84.0,2
ImageFolders/filtered_images/img00755.png,58.0,2
ImageFolders/filtered_images/img00757.png,74.0,1
ImageFolders/filtered_images/img00758.png,74.0,1
ImageFolders/filtered_images/img00759.png,33.0,1
ImageFolders/filtered_images/img00760.png,33.0,1
ImageFolders/filtered_images/img00762.png,36.0,1
ImageFolders/filtered_images/img00763.png,36.0,1
ImageFolders/filtered_images/img00764.png,37.0,1
ImageFolders/filtered_images/img00765.png,37.0,1
ImageFolders/filtered_images/img00766.png,74.0,2
ImageFolders/filtered_images/img00767.png,74.0,2
ImageFolders/filtered_images/img00768.png,54.0,2
ImageFolders/filtered_images/img00769.png,54.0,2
ImageFolders/filtered_images/img00770.png,68.0,2
ImageFolders/filtered_images/img00771.png,68.0,2
ImageFolders/filtered_images/img00774.png,55.0,2
ImageFolders/filtered_images/img00775.png,55.0,2
ImageFolders/filtered_images/img00778.png,72.0,2
ImageFolders/filtered_images/img00779.png,72.0,2
ImageFolders/filtered_images/img00780.png,53.0,2
ImageFolders/filtered_images/img00781.png,53.0,2
ImageFolders/filtered_images/img00786.png,60.0,2
ImageFolders/filtered_images/img00787.png,60.0,2
ImageFolders/filtered_images/img00789.png,69.0,2
ImageFolders/filtered_images/img00790.png,62.0,2
ImageFolders/filtered_images/img00791.png,62.0,2
ImageFolders/filtered_images/img00796.png,18.0,2
ImageFolders/filtered_images/img00797.png,18.0,2
ImageFolders/filtered_images/img00804.png,55.0,2
ImageFolders/filtered_images/img00805.png,55.0,2
ImageFolders/filtered_images/img00806.png,71.0,2
ImageFolders/filtered_images/img00812.png,79.0,2
ImageFolders/filtered_images/img00815.png,67.0,2
ImageFolders/filtered_images/img00816.png,67.0,2
ImageFolders/filtered_images/img00817.png,87.0,2
ImageFolders/filtered_images/img00818.png,87.0,2
ImageFolders/filtered_images/img00819.png,48.0,2
ImageFolders/filtered_images/img00820.png,48.0,2
ImageFolders/filtered_images/img00827.png,71.0,1
ImageFolders/filtered_images/img00828.png,71.0,1
ImageFolders/filtered_images/img00830.png,63.0,1
ImageFolders/filtered_images/img00831.png,63.0,1
ImageFolders/filtered_images/img00832.png,67.0,2
ImageFolders/filtered_images/img00833.png,67.0,2
ImageFolders/filtered_images/img00834.png,79.0,1
ImageFolders/filtered_images/img00835.png,64.0,2
ImageFolders/filtered_images/img00836.png,64.0,2
ImageFolders/filtered_images/img00837.png,67.0,2
ImageFolders/filtered_images/img00841.png,76.0,2
ImageFolders/filtered_images/img00842.png,76.0,2
ImageFolders/filtered_images/img00843.png,62.0,2
ImageFolders/filtered_images/img00844.png,62.0,2
ImageFolders/filtered_images/img00845.png,61.0,2
ImageFolders/filtered_images/img00846.png,61.0,2
ImageFolders/filtered_images/img00847.png,64.0,2
ImageFolders/filtered_images/img00848.png,60.0,2
ImageFolders/filtered_images/img00849.png,60.0,2
ImageFolders/filtered_images/img00850.png,55.0,2
ImageFolders/filtered_images/img00851.png,55.0,2
ImageFolders/filtered_images/img00852.png,69.0,2
ImageFolders/filtered_images/img00854.png,69.0,1
ImageFolders/filtered_images/img00855.png,69.0,1
ImageFolders/filtered_images/img00856.png,73.0,1
ImageFolders/filtered_images/img00857.png,73.0,1
ImageFolders/filtered_images/img00858.png,33.0,2
ImageFolders/filtered_images/img00859.png,33.0,2
ImageFolders/filtered_images/img00862.png,83.0,1
ImageFolders/filtered_images/img00863.png,83.0,1
ImageFolders/filtered_images/img00864.png,29.0,1
ImageFolders/filtered_images/img00865.png,29.0,1
ImageFolders/filtered_images/img00868.png,56.0,2
ImageFolders/filtered_images/img00869.png,56.0,2
ImageFolders/filtered_images/img00870.png,26.0,1
ImageFolders/filtered_images/img00871.png,26.0,1
ImageFolders/filtered_images/img00872.png,29.0,2
ImageFolders/filtered_images/img00873.png,29.0,2
ImageFolders/filtered_images/img00874.png,44.0,2
ImageFolders/filtered_images/img00875.png,44.0,2
ImageFolders/filtered_images/img00876.png,60.0,2
ImageFolders/filtered_images/img00877.png,60.0,2
ImageFolders/filtered_images/img00878.png,60.0,2
ImageFolders/filtered_images/img00879.png,60.0,2
ImageFolders/filtered_images/img00880.png,88.0,1
ImageFolders/filtered_images/img00881.png,88.0,1
ImageFolders/filtered_images/img00882.png,56.0,2
ImageFolders/filtered_images/img00883.png,56.0,2
ImageFolders/filtered_images/img00884.png,41.0,1
ImageFolders/filtered_images/img00885.png,41.0,1
ImageFolders/filtered_images/img00886.png,36.0,1
ImageFolders/filtered_images/img00887.png,36.0,1
ImageFolders/filtered_images/img00888.png,48.0,2
ImageFolders/filtered_images/img00889.png,48.0,2
ImageFolders/filtered_images/img00890.png,71.0,2
ImageFolders/filtered_images/img00891.png,71.0,2
ImageFolders/filtered_images/img00892.png,69.0,1
ImageFolders/filtered_images/img00893.png,69.0,1
ImageFolders/filtered_images/img00894.png,85.0,2
ImageFolders/filtered_images/img00895.png,85.0,2
ImageFolders/filtered_images/img00902.png,64.0,2
ImageFolders/filtered_images/img00903.png,64.0,2
ImageFolders/filtered_images/img00904.png,54.0,2
ImageFolders/filtered_images/img00905.png,54.0,2
ImageFolders/filtered_images/img00906.png,82.0,1
ImageFolders/filtered_images/img00907.png,82.0,1
ImageFolders/filtered_images/img00908.png,39.0,2
ImageFolders/filtered_images/img00909.png,39.0,2
ImageFolders/filtered_images/img00914.png,59.0,1
ImageFolders/filtered_images/img00915.png,59.0,1
ImageFolders/filtered_images/img00916.png,81.0,2
ImageFolders/filtered_images/img00917.png,81.0,2
ImageFolders/filtered_images/img00918.png,74.0,2
ImageFolders/filtered_images/img00919.png,74.0,2
ImageFolders/filtered_images/img00920.png,72.0,2
ImageFolders/filtered_images/img00921.png,72.0,2
ImageFolders/filtered_images/img00922.png,71.0,2
ImageFolders/filtered_images/img00923.png,7.0,2
ImageFolders/filtered_images/img00924.png,7.0,2
ImageFolders/filtered_images/img00930.png,64.0,1
ImageFolders/filtered_images/img00931.png,64.0,1
ImageFolders/filtered_images/img00933.png,73.0,1
ImageFolders/filtered_images/img00936.png,28.0,1
ImageFolders/filtered_images/img00937.png,28.0,1
ImageFolders/filtered_images/img00939.png,35.0,1
ImageFolders/filtered_images/img00940.png,28.0,2
ImageFolders/filtered_images/img00941.png,28.0,2
ImageFolders/filtered_images/img00942.png,60.0,2
ImageFolders/filtered_images/img00943.png,60.0,2
ImageFolders/filtered_images/img00944.png,58.0,2
ImageFolders/filtered_images/img00945.png,58.0,2
ImageFolders/filtered_images/img00946.png,77.0,1
ImageFolders/filtered_images/img00947.png,77.0,1
ImageFolders/filtered_images/img00948.png,81.0,1
ImageFolders/filtered_images/img00949.png,81.0,1
ImageFolders/filtered_images/img00950.png,56.0,1
ImageFolders/filtered_images/img00951.png,56.0,1
ImageFolders/filtered_images/img00952.png,57.0,1
ImageFolders/filtered_images/img00953.png,57.0,1
ImageFolders/filtered_images/img00956.png,83.0,1
ImageFolders/filtered_images/img00957.png,83.0,1
ImageFolders/filtered_images/img00958.png,79.0,1
ImageFolders/filtered_images/img00959.png,79.0,1
ImageFolders/filtered_images/img00960.png,75.0,2
ImageFolders/filtered_images/img00961.png,75.0,2
ImageFolders/filtered_images/img00962.png,75.0,2
ImageFolders/filtered_images/img00963.png,75.0,2
ImageFolders/filtered_images/img00964.png,56.0,2
ImageFolders/filtered_images/img00965.png,55.0,1
ImageFolders/filtered_images/img00966.png,55.0,1
ImageFolders/filtered_images/img00967.png,46.0,2
ImageFolders/filtered_images/img00968.png,46.0,2
ImageFolders/filtered_images/img00969.png,40.0,1
ImageFolders/filtered_images/img00970.png,40.0,1
ImageFolders/filtered_images/img00971.png,71.0,2
ImageFolders/filtered_images/img00972.png,71.0,2
ImageFolders/filtered_images/img00973.png,72.0,2
ImageFolders/filtered_images/img00974.png,72.0,2
ImageFolders/filtered_images/img00977.png,53.0,1
ImageFolders/filtered_images/img00978.png,27.0,1
ImageFolders/filtered_images/img00979.png,27.0,1
ImageFolders/filtered_images/img00980.png,74.0,2
ImageFolders/filtered_images/img00981.png,74.0,2
ImageFolders/filtered_images/img00985.png,73.0,1
ImageFolders/filtered_images/img00990.png,42.0,1
ImageFolders/filtered_images/img01000.png,62.0,1
ImageFolders/filtered_images/img01001.png,62.0,1
ImageFolders/filtered_images/img01005.png,48.0,1
ImageFolders/filtered_images/img01006.png,48.0,1
ImageFolders/filtered_images/img01012.png,64.0,1
ImageFolders/filtered_images/img01013.png,64.0,1
ImageFolders/filtered_images/img01014.png,89.0,2
ImageFolders/filtered_images/img01017.png,65.0,1
ImageFolders/filtered_images/img01018.png,65.0,1
ImageFolders/filtered_images/img01026.png,66.0,1
ImageFolders/filtered_images/img01029.png,60.0,1
ImageFolders/filtered_images/img01035.png,67.0,2
ImageFolders/filtered_images/img01036.png,67.0,2
ImageFolders/filtered_images/img01037.png,78.0,2
ImageFolders/filtered_images/img01038.png,83.0,2
ImageFolders/filtered_images/img01044.png,71.0,2
ImageFolders/filtered_images/img01045.png,71.0,2
ImageFolders/filtered_images/img01064.png,67.0,2
ImageFolders/filtered_images/img01065.png,67.0,2
ImageFolders/filtered_images/img01070.png,66.0,1
ImageFolders/filtered_images/img01071.png,66.0,1
ImageFolders/filtered_images/img01074.png,49.0,1
ImageFolders/filtered_images/img01075.png,49.0,1
ImageFolders/filtered_images/img01081.png,71.0,1
ImageFolders/filtered_images/img01082.png,71.0,1
ImageFolders/filtered_images/img01091.png,54.0,1
ImageFolders/filtered_images/img01092.png,54.0,1
ImageFolders/filtered_images/img01095.png,79.0,1
ImageFolders/filtered_images/img01096.png,79.0,1
ImageFolders/filtered_images/img01098.png,50.0,1
ImageFolders/filtered_images/img01105.png,70.0,1
ImageFolders/filtered_images/img01106.png,51.0,1
ImageFolders/filtered_images/img01107.png,51.0,1
ImageFolders/filtered_images/img01108.png,81.0,1
ImageFolders/filtered_images/img01109.png,81.0,1
ImageFolders/filtered_images/img01125.png,46.0,1
ImageFolders/filtered_images/img01126.png,46.0,1
ImageFolders/filtered_images/img01127.png,77.0,1
ImageFolders/filtered_images/img01128.png,77.0,1
ImageFolders/filtered_images/img01131.png,61.0,2
ImageFolders/filtered_images/img01134.png,68.0,1
ImageFolders/filtered_images/img01135.png,68.0,1
ImageFolders/filtered_images/img01137.png,68.0,1
ImageFolders/filtered_images/img01138.png,68.0,1
ImageFolders/filtered_images/img01143.png,82.0,1
ImageFolders/filtered_images/img01144.png,82.0,1
ImageFolders/filtered_images/img01150.png,48.0,2
ImageFolders/filtered_images/img01155.png,49.0,1
ImageFolders/filtered_images/img01156.png,49.0,1
ImageFolders/filtered_images/img01161.png,68.0,1
ImageFolders/filtered_images/img01162.png,68.0,1
ImageFolders/filtered_images/img01163.png,57.0,1
ImageFolders/filtered_images/img01165.png,36.0,1
ImageFolders/filtered_images/img01166.png,36.0,1
ImageFolders/filtered_images/img01169.png,51.0,1
ImageFolders/filtered_images/img01170.png,61.0,1
ImageFolders/filtered_images/img01171.png,61.0,1
ImageFolders/filtered_images/img01173.png,60.0,1
ImageFolders/filtered_images/img01174.png,42.0,2
ImageFolders/filtered_images/img01175.png,42.0,2
ImageFolders/filtered_images/img01176.png,64.0,1
ImageFolders/filtered_images/img01177.png,64.0,1
ImageFolders/filtered_images/img01178.png,69.0,1
ImageFolders/filtered_images/img01179.png,69.0,1
ImageFolders/filtered_images/img01198.png,42.0,2
ImageFolders/filtered_images/img01199.png,42.0,2
ImageFolders/filtered_images/img01200.png,49.0,2
ImageFolders/filtered_images/img01201.png,49.0,2
ImageFolders/filtered_images/img01202.png,52.0,2
ImageFolders/filtered_images/img01203.png,52.0,2
ImageFolders/filtered_images/img01206.png,45.0,2
ImageFolders/filtered_images/img01207.png,45.0,2
ImageFolders/filtered_images/img01208.png,48.0,2
ImageFolders/filtered_images/img01209.png,48.0,2
ImageFolders/filtered_images/img01210.png,35.0,2
ImageFolders/filtered_images/img01211.png,35.0,2
ImageFolders/filtered_images/img01214.png,38.0,2
ImageFolders/filtered_images/img01215.png,38.0,2
ImageFolders/filtered_images/img01216.png,47.0,2
ImageFolders/filtered_images/img01217.png,47.0,2
ImageFolders/filtered_images/img01221.png,49.0,2
ImageFolders/filtered_images/img01225.png,32.0,2
ImageFolders/filtered_images/img01226.png,32.0,2
ImageFolders/filtered_images/img01227.png,39.0,2
ImageFolders/filtered_images/img01228.png,39.0,2
ImageFolders/filtered_images/img01233.png,39.0,2
ImageFolders/filtered_images/img01234.png,39.0,2
ImageFolders/filtered_images/img01244.png,31.0,2
ImageFolders/filtered_images/img01251.png,46.0,2
ImageFolders/filtered_images/img01252.png,48.0,2
ImageFolders/filtered_images/img01253.png,48.0,2
ImageFolders/filtered_images/img01254.png,33.0,1
ImageFolders/filtered_images/img01255.png,33.0,1
ImageFolders/filtered_images/img01256.png,38.0,1
ImageFolders/filtered_images/img01258.png,34.0,1
ImageFolders/filtered_images/img01259.png,48.0,1
ImageFolders/filtered_images/img01260.png,48.0,1
ImageFolders/filtered_images/img01269.png,50.0,1
ImageFolders/filtered_images/img01270.png,50.0,1
ImageFolders/filtered_images/img01271.png,45.0,1
ImageFolders/filtered_images/img01272.png,45.0,1
ImageFolders/filtered_images/img01273.png,71.0,2
ImageFolders/filtered_images/img01274.png,83.0,1
ImageFolders/filtered_images/img01275.png,83.0,1
ImageFolders/filtered_images/img01283.png,83.0,1
ImageFolders/filtered_images/img01287.png,45.0,2
ImageFolders/filtered_images/img01288.png,45.0,2
ImageFolders/filtered_images/img01289.png,39.0,1
ImageFolders/filtered_images/img01290.png,39.0,1
ImageFolders/filtered_images/img01293.png,79.0,1
ImageFolders/filtered_images/img01300.png,77.0,1
ImageFolders/filtered_images/img01301.png,77.0,1
ImageFolders/filtered_images/img01310.png,45.0,1
ImageFolders/filtered_images/img01311.png,45.0,1
ImageFolders/filtered_images/img01314.png,83.0,2
ImageFolders/filtered_images/img01320.png,44.0,1
ImageFolders/filtered_images/img01321.png,44.0,1
ImageFolders/filtered_images/img01322.png,56.0,1
ImageFolders/filtered_images/img01325.png,61.0,1
ImageFolders/filtered_images/img01328.png,77.0,1
ImageFolders/filtered_images/img01331.png,59.0,1
ImageFolders/filtered_images/img01332.png,59.0,1
ImageFolders/filtered_images/img01343.png,50.0,1
ImageFolders/filtered_images/img01344.png,50.0,1
ImageFolders/filtered_images/img01346.png,61.0,1
ImageFolders/filtered_images/img01347.png,61.0,1
ImageFolders/filtered_images/img01348.png,50.0,2
ImageFolders/filtered_images/img01349.png,50.0,2
ImageFolders/filtered_images/img01352.png,53.0,1
ImageFolders/filtered_images/img01353.png,53.0,1
ImageFolders/filtered_images/img01357.png,82.0,2
ImageFolders/filtered_images/img01359.png,75.0,2
ImageFolders/filtered_images/img01360.png,75.0,2
ImageFolders/filtered_images/img01361.png,73.0,2
ImageFolders/filtered_images/img01362.png,73.0,2
ImageFolders/filtered_images/img01363.png,68.0,2
ImageFolders/filtered_images/img01364.png,68.0,2
ImageFolders/filtered_images/img01365.png,71.0,2
ImageFolders/filtered_images/img01366.png,71.0,2
ImageFolders/filtered_images/img01367.png,71.0,2
ImageFolders/filtered_images/img01373.png,54.0,2
ImageFolders/filtered_images/img01374.png,54.0,2
ImageFolders/filtered_images/img01375.png,72.0,2
ImageFolders/filtered_images/img01379.png,73.0,2
ImageFolders/filtered_images/img01380.png,73.0,2
ImageFolders/filtered_images/img01382.png,31.0,1
ImageFolders/filtered_images/img01385.png,63.0,1
ImageFolders/filtered_images/img01387.png,12.0,2
ImageFolders/filtered_images/img01388.png,12.0,2
ImageFolders/filtered_images/img01389.png,69.0,2
ImageFolders/filtered_images/img01390.png,69.0,2
ImageFolders/filtered_images/img01391.png,55.0,2
ImageFolders/filtered_images/img01392.png,55.0,2
ImageFolders/filtered_images/img01395.png,48.0,2
ImageFolders/filtered_images/img01399.png,64.0,1
ImageFolders/filtered_images/img01404.png,50.0,1
ImageFolders/filtered_images/img01407.png,59.0,1
ImageFolders/filtered_images/img01408.png,59.0,1
ImageFolders/filtered_images/img01409.png,86.0,1
ImageFolders/filtered_images/img01410.png,86.0,1
ImageFolders/filtered_images/img01415.png,69.0,1
ImageFolders/filtered_images/img01418.png,55.0,1
ImageFolders/filtered_images/img01419.png,55.0,1
ImageFolders/filtered_images/img01420.png,65.0,1
ImageFolders/filtered_images/img01421.png,65.0,1
ImageFolders/filtered_images/img01422.png,67.0,1
ImageFolders/filtered_images/img01423.png,67.0,1
ImageFolders/filtered_images/img01426.png,69.0,2
ImageFolders/filtered_images/img01427.png,69.0,2
ImageFolders/filtered_images/img01428.png,64.0,1
ImageFolders/filtered_images/img01429.png,64.0,1
ImageFolders/filtered_images/img01430.png,56.0,1
ImageFolders/filtered_images/img01431.png,78.0,2
ImageFolders/filtered_images/img01432.png,78.0,2
ImageFolders/filtered_images/img01433.png,70.0,1
ImageFolders/filtered_images/img01444.png,87.0,1
ImageFolders/filtered_images/img01445.png,79.0,1
ImageFolders/filtered_images/img01446.png,79.0,1
ImageFolders/filtered_images/img01448.png,63.0,1
ImageFolders/filtered_images/img01452.png,72.0,1
ImageFolders/filtered_images/img01453.png,72.0,1
ImageFolders/filtered_images/img01458.png,78.0,2
ImageFolders/filtered_images/img01459.png,78.0,2
ImageFolders/filtered_images/img01460.png,87.0,2
ImageFolders/filtered_images/img01461.png,87.0,2
ImageFolders/filtered_images/img01464.png,73.0,2
ImageFolders/filtered_images/img01465.png,73.0,2
ImageFolders/filtered_images/img01467.png,36.0,2
ImageFolders/filtered_images/img01468.png,36.0,2
ImageFolders/filtered_images/img01471.png,39.0,2
ImageFolders/filtered_images/img01472.png,39.0,2
ImageFolders/filtered_images/img01477.png,64.0,2
ImageFolders/filtered_images/img01484.png,56.0,1
ImageFolders/filtered_images/img01487.png,59.0,1
ImageFolders/filtered_images/img01488.png,59.0,1
ImageFolders/filtered_images/img01493.png,51.0,2
ImageFolders/filtered_images/img01494.png,51.0,2
ImageFolders/filtered_images/img01495.png,46.0,1
ImageFolders/filtered_images/img01496.png,46.0,1
ImageFolders/filtered_images/img01497.png,50.0,1
ImageFolders/filtered_images/img01498.png,50.0,1
ImageFolders/filtered_images/img01501.png,63.0,1
ImageFolders/filtered_images/img01502.png,63.0,1
ImageFolders/filtered_images/img01507.png,19.0,1
ImageFolders/filtered_images/img01508.png,19.0,1
ImageFolders/filtered_images/img01513.png,85.0,2
ImageFolders/filtered_images/img01514.png,85.0,2
ImageFolders/filtered_images/img01515.png,12.0,1
ImageFolders/filtered_images/img01516.png,12.0,1
ImageFolders/filtered_images/img01517.png,38.0,1
ImageFolders/filtered_images/img01518.png,38.0,1
ImageFolders/filtered_images/img01529.png,40.0,2
ImageFolders/filtered_images/img01530.png,40.0,2
ImageFolders/filtered_images/img01531.png,30.0,2
ImageFolders/filtered_images/img01532.png,30.0,2
ImageFolders/filtered_images/img01533.png,44.0,2
ImageFolders/filtered_images/img01534.png,44.0,2
ImageFolders/filtered_images/img01543.png,32.0,2
ImageFolders/filtered_images/img01544.png,32.0,2
ImageFolders/filtered_images/img01545.png,38.0,2
ImageFolders/filtered_images/img01546.png,38.0,2
ImageFolders/filtered_images/img01547.png,45.0,2
ImageFolders/filtered_images/img01548.png,45.0,2
ImageFolders/filtered_images/img01553.png,41.0,2
ImageFolders/filtered_images/img01554.png,41.0,2
ImageFolders/filtered_images/img01555.png,41.0,1
ImageFolders/filtered_images/img01556.png,41.0,1
ImageFolders/filtered_images/img01561.png,40.0,1
ImageFolders/filtered_images/img01562.png,40.0,1
ImageFolders/filtered_images/img01565.png,30.0,1
ImageFolders/filtered_images/img01566.png,30.0,1
ImageFolders/filtered_images/img01567.png,33.0,1
ImageFolders/filtered_images/img01568.png,33.0,1
ImageFolders/filtered_images/img01571.png,58.0,1
ImageFolders/filtered_images/img01573.png,37.0,1
ImageFolders/filtered_images/img01574.png,37.0,1
ImageFolders/filtered_images/img01588.png,47.0,1
ImageFolders/filtered_images/img01589.png,47.0,1
ImageFolders/filtered_images/img01596.png,13.0,1
ImageFolders/filtered_images/img01597.png,13.0,1
ImageFolders/filtered_images/img01604.png,40.0,1
ImageFolders/filtered_images/img01605.png,40.0,1
ImageFolders/filtered_images/img01608.png,46.0,1
ImageFolders/filtered_images/img01609.png,46.0,1
ImageFolders/filtered_images/img01616.png,39.0,1
ImageFolders/filtered_images/img01618.png,41.0,1
ImageFolders/filtered_images/img01619.png,41.0,1
ImageFolders/filtered_images/img01625.png,13.0,1
ImageFolders/filtered_images/img01626.png,13.0,1
ImageFolders/filtered_images/img01631.png,38.0,1
ImageFolders/filtered_images/img01632.png,38.0,1
ImageFolders/filtered_images/img01652.png,77.0,2
ImageFolders/filtered_images/img01653.png,77.0,2
ImageFolders/filtered_images/img01654.png,88.0,2
ImageFolders/filtered_images/img01659.png,12.0,2
ImageFolders/filtered_images/img01660.png,12.0,2
ImageFolders/filtered_images/img01664.png,88.0,2
ImageFolders/filtered_images/img01665.png,88.0,2
ImageFolders/filtered_images/img01668.png,79.0,2
ImageFolders/filtered_images/img01669.png,63.0,2
ImageFolders/filtered_images/img01670.png,63.0,2
ImageFolders/filtered_images/img01673.png,77.0,2
ImageFolders/filtered_images/img01674.png,54.0,2
ImageFolders/filtered_images/img01675.png,54.0,2
ImageFolders/filtered_images/img01680.png,73.0,2
ImageFolders/filtered_images/img01681.png,73.0,2
ImageFolders/filtered_images/img01682.png,60.0,2
ImageFolders/filtered_images/img01690.png,68.0,2
ImageFolders/filtered_images/img01691.png,68.0,2
ImageFolders/filtered_images/img01694.png,67.0,2
ImageFolders/filtered_images/img01695.png,67.0,2
ImageFolders/filtered_images/img01696.png,27.0,2
ImageFolders/filtered_images/img01697.png,27.0,2
ImageFolders/filtered_images/img01708.png,30.0,2
ImageFolders/filtered_images/img01709.png,30.0,2
ImageFolders/filtered_images/img01712.png,33.0,2
ImageFolders/filtered_images/img01713.png,33.0,2
ImageFolders/filtered_images/img01716.png,30.0,2
ImageFolders/filtered_images/img01717.png,30.0,2
ImageFolders/filtered_images/img01718.png,50.0,1
ImageFolders/filtered_images/img01719.png,50.0,1
ImageFolders/filtered_images/img01722.png,81.0,2
ImageFolders/filtered_images/img01723.png,81.0,2
ImageFolders/filtered_images/img01726.png,32.0,1
ImageFolders/filtered_images/img01727.png,32.0,1
ImageFolders/filtered_images/img01734.png,89.0,2
ImageFolders/filtered_images/img01736.png,69.0,1
ImageFolders/filtered_images/img01748.png,55.0,1
ImageFolders/filtered_images/img01749.png,55.0,1
ImageFolders/filtered_images/img01750.png,59.0,1
ImageFolders/filtered_images/img01751.png,59.0,1
ImageFolders/filtered_images/img01752.png,83.0,2
ImageFolders/filtered_images/img01761.png,67.0,1
ImageFolders/filtered_images/img01762.png,67.0,1
ImageFolders/filtered_images/img01763.png,73.0,1
ImageFolders/filtered_images/img01764.png,73.0,1
ImageFolders/filtered_images/img01767.png,81.0,2
ImageFolders/filtered_images/img01768.png,81.0,2
ImageFolders/filtered_images/img01772.png,80.0,1
ImageFolders/filtered_images/img01773.png,80.0,1
ImageFolders/filtered_images/img01774.png,59.0,2
ImageFolders/filtered_images/img01775.png,59.0,2
ImageFolders/filtered_images/img01780.png,87.0,2
ImageFolders/filtered_images/img01781.png,87.0,2
ImageFolders/filtered_images/img01784.png,46.0,2
ImageFolders/filtered_images/img01785.png,46.0,2
ImageFolders/filtered_images/img01786.png,73.0,2
ImageFolders/filtered_images/img01787.png,73.0,2
ImageFolders/filtered_images/img01792.png,72.0,2
ImageFolders/filtered_images/img01793.png,72.0,2
ImageFolders/filtered_images/img01801.png,55.0,2
ImageFolders/filtered_images/img01802.png,55.0,2
ImageFolders/filtered_images/img01803.png,63.0,2
ImageFolders/filtered_images/img01804.png,63.0,2
ImageFolders/filtered_images/img01805.png,89.0,2
ImageFolders/filtered_images/img01806.png,89.0,2
ImageFolders/filtered_images/img01811.png,71.0,1
ImageFolders/filtered_images/img01812.png,71.0,1
ImageFolders/filtered_images/img01815.png,75.0,1
ImageFolders/filtered_images/img01816.png,75.0,1
ImageFolders/filtered_images/img01817.png,76.0,1
ImageFolders/filtered_images/img01825.png,25.0,2
ImageFolders/filtered_images/img01826.png,25.0,2
ImageFolders/filtered_images/img01832.png,14.0,2
ImageFolders/filtered_images/img01833.png,14.0,2
ImageFolders/filtered_images/img01836.png,9.0,2
ImageFolders/filtered_images/img01837.png,9.0,2
ImageFolders/filtered_images/img01840.png,73.0,2
ImageFolders/filtered_images/img01841.png,73.0,2
ImageFolders/filtered_images/img01844.png,71.0,2
ImageFolders/filtered_images/img01845.png,71.0,2
ImageFolders/filtered_images/img01846.png,43.0,2
ImageFolders/filtered_images/img01847.png,43.0,2
ImageFolders/filtered_images/img01848.png,63.0,2
ImageFolders/filtered_images/img01849.png,63.0,2
ImageFolders/filtered_images/img01850.png,85.0,2
ImageFolders/filtered_images/img01851.png,85.0,2
ImageFolders/filtered_images/img01858.png,44.0,1
ImageFolders/filtered_images/img01859.png,44.0,1
ImageFolders/filtered_images/img01866.png,70.0,1
ImageFolders/filtered_images/img01867.png,70.0,1
ImageFolders/filtered_images/img01872.png,69.0,2
ImageFolders/filtered_images/img01873.png,69.0,2
ImageFolders/filtered_images/img01874.png,71.0,2
ImageFolders/filtered_images/img01875.png,71.0,2
ImageFolders/filtered_images/img01876.png,63.0,2
ImageFolders/filtered_images/img01878.png,80.0,2
ImageFolders/filtered_images/img01879.png,80.0,2
ImageFolders/filtered_images/img01880.png,85.0,2
ImageFolders/filtered_images/img01881.png,85.0,2
ImageFolders/filtered_images/img01882.png,95.0,2
ImageFolders/filtered_images/img01885.png,48.0,1
ImageFolders/filtered_images/img01886.png,48.0,1
ImageFolders/filtered_images/img01887.png,56.0,1
ImageFolders/filtered_images/img01888.png,56.0,2
ImageFolders/filtered_images/img01889.png,73.0,2
ImageFolders/filtered_images/img01898.png,65.0,1
ImageFolders/filtered_images/img01900.png,67.0,1
ImageFolders/filtered_images/img01901.png,67.0,1
ImageFolders/filtered_images/img01902.png,65.0,1
ImageFolders/filtered_images/img01903.png,65.0,1
ImageFolders/filtered_images/img01909.png,44.0,1
ImageFolders/filtered_images/img01910.png,44.0,1
ImageFolders/filtered_images/img01915.png,40.0,2
ImageFolders/filtered_images/img01916.png,40.0,2
ImageFolders/filtered_images/img01920.png,63.0,2
ImageFolders/filtered_images/img01921.png,63.0,2
ImageFolders/filtered_images/img01926.png,87.0,2
ImageFolders/filtered_images/img01927.png,87.0,2
ImageFolders/filtered_images/img01936.png,20.0,2
ImageFolders/filtered_images/img01937.png,20.0,2
ImageFolders/filtered_images/img01938.png,25.0,1
ImageFolders/filtered_images/img01941.png,24.0,2
ImageFolders/filtered_images/img01942.png,24.0,2
ImageFolders/filtered_images/img01954.png,46.0,2
ImageFolders/filtered_images/img01955.png,46.0,2
ImageFolders/filtered_images/img01960.png,46.0,2
ImageFolders/filtered_images/img01961.png,46.0,2
ImageFolders/filtered_images/img01974.png,21.0,2
ImageFolders/filtered_images/img01985.png,74.0,2
ImageFolders/filtered_images/img01986.png,74.0,2
ImageFolders/filtered_images/img01987.png,49.0,2
ImageFolders/filtered_images/img01988.png,49.0,2
ImageFolders/filtered_images/img01995.png,69.0,2
ImageFolders/filtered_images/img01996.png,69.0,2
ImageFolders/filtered_images/img01999.png,91.0,2
ImageFolders/filtered_images/img02000.png,91.0,2
ImageFolders/filtered_images/img02003.png,46.0,2
ImageFolders/filtered_images/img02004.png,46.0,2
ImageFolders/filtered_images/img02011.png,82.0,2
ImageFolders/filtered_images/img02012.png,82.0,2
ImageFolders/filtered_images/img02017.png,72.0,2
ImageFolders/filtered_images/img02018.png,72.0,2
ImageFolders/filtered_images/img02021.png,48.0,2
ImageFolders/filtered_images/img02022.png,48.0,2
ImageFolders/filtered_images/img02025.png,30.0,2
ImageFolders/filtered_images/img02026.png,30.0,2
ImageFolders/filtered_images/img02037.png,52.0,2
ImageFolders/filtered_images/img02038.png,52.0,2
ImageFolders/filtered_images/img02048.png,49.0,2
ImageFolders/filtered_images/img02049.png,49.0,2
ImageFolders/filtered_images/img02060.png,64.0,2
ImageFolders/filtered_images/img02061.png,64.0,2
ImageFolders/filtered_images/img02062.png,57.0,2
ImageFolders/filtered_images/img02063.png,57.0,2
ImageFolders/filtered_images/img02072.png,68.0,2
ImageFolders/filtered_images/img02073.png,68.0,2
ImageFolders/filtered_images/img02085.png,67.0,2
ImageFolders/filtered_images/img02086.png,67.0,2
ImageFolders/filtered_images/img02089.png,54.0,2
ImageFolders/filtered_images/img02090.png,54.0,2
ImageFolders/filtered_images/img02095.png,72.0,2
ImageFolders/filtered_images/img02096.png,72.0,2
ImageFolders/filtered_images/img02102.png,76.0,2
ImageFolders/filtered_images/img02103.png,65.0,2
ImageFolders/filtered_images/img02104.png,65.0,2
ImageFolders/filtered_images/img02105.png,68.0,2
ImageFolders/filtered_images/img02106.png,68.0,2
ImageFolders/filtered_images/img02107.png,55.0,2
ImageFolders/filtered_images/img02108.png,55.0,2
ImageFolders/filtered_images/img02109.png,59.0,2
ImageFolders/filtered_images/img02110.png,59.0,2
ImageFolders/filtered_images/img02116.png,53.0,2
ImageFolders/filtered_images/img02123.png,40.0,2
ImageFolders/filtered_images/img02124.png,40.0,2
ImageFolders/filtered_images/img02128.png,72.0,2
ImageFolders/filtered_images/img02131.png,64.0,2
ImageFolders/filtered_images/img02132.png,64.0,2
ImageFolders/filtered_images/img02137.png,64.0,2
ImageFolders/filtered_images/img02138.png,64.0,2
ImageFolders/filtered_images/img02141.png,66.0,2
ImageFolders/filtered_images/img02142.png,66.0,2
ImageFolders/filtered_images/img02143.png,64.0,2
ImageFolders/filtered_images/img02144.png,64.0,2
ImageFolders/filtered_images/img02148.png,56.0,2
ImageFolders/filtered_images/img02149.png,32.0,2
ImageFolders/filtered_images/img02150.png,32.0,2
ImageFolders/filtered_images/img02153.png,78.0,2
ImageFolders/filtered_images/img02154.png,78.0,2
ImageFolders/filtered_images/img02159.png,58.0,2
ImageFolders/filtered_images/img02160.png,58.0,2
ImageFolders/filtered_images/img02161.png,64.0,2
ImageFolders/filtered_images/img02162.png,64.0,2
ImageFolders/filtered_images/img02170.png,40.0,2
ImageFolders/filtered_images/img02173.png,26.0,2
ImageFolders/filtered_images/img02174.png,26.0,2
ImageFolders/filtered_images/img02177.png,41.0,2
ImageFolders/filtered_images/img02178.png,41.0,2
ImageFolders/filtered_images/img02181.png,49.0,2
ImageFolders/filtered_images/img02182.png,49.0,2
ImageFolders/filtered_images/img02183.png,30.0,2
ImageFolders/filtered_images/img02185.png,34.0,2
ImageFolders/filtered_images/img02186.png,34.0,2
ImageFolders/filtered_images/img02191.png,29.0,2
ImageFolders/filtered_images/img02192.png,29.0,2
ImageFolders/filtered_images/img02193.png,50.0,2
ImageFolders/filtered_images/img02194.png,50.0,2
ImageFolders/filtered_images/img02195.png,34.0,2
ImageFolders/filtered_images/img02198.png,53.0,2
ImageFolders/filtered_images/img02199.png,53.0,2
ImageFolders/filtered_images/img02200.png,37.0,2
ImageFolders/filtered_images/img02201.png,37.0,2
ImageFolders/filtered_images/img02202.png,28.0,2
ImageFolders/filtered_images/img02203.png,28.0,2
ImageFolders/filtered_images/img02210.png,57.0,2
ImageFolders/filtered_images/img02211.png,84.0,2
ImageFolders/filtered_images/img02212.png,84.0,2
ImageFolders/filtered_images/img02215.png,29.0,2
ImageFolders/filtered_images/img02216.png,29.0,2
ImageFolders/filtered_images/img02221.png,48.0,2
ImageFolders/filtered_images/img02222.png,48.0,2
ImageFolders/filtered_images/img02223.png,56.0,2
ImageFolders/filtered_images/img02224.png,84.0,2
ImageFolders/filtered_images/img02229.png,11.0,2
ImageFolders/filtered_images/img02230.png,57.0,2
ImageFolders/filtered_images/img02231.png,57.0,2
ImageFolders/filtered_images/img02238.png,59.0,2
ImageFolders/filtered_images/img02239.png,59.0,2
ImageFolders/filtered_images/img02242.png,76.0,2
ImageFolders/filtered_images/img02243.png,76.0,2
ImageFolders/filtered_images/img02249.png,50.0,2
ImageFolders/filtered_images/img02250.png,50.0,2
ImageFolders/filtered_images/img02255.png,37.0,2
ImageFolders/filtered_images/img02263.png,36.0,1
ImageFolders/filtered_images/img02264.png,36.0,1
ImageFolders/filtered_images/img02265.png,45.0,1
ImageFolders/filtered_images/img02266.png,45.0,1
ImageFolders/filtered_images/img02267.png,30.0,1
ImageFolders/filtered_images/img02268.png,30.0,1
ImageFolders/filtered_images/img02269.png,39.0,1
ImageFolders/filtered_images/img02270.png,39.0,1
ImageFolders/filtered_images/img02271.png,34.0,1
ImageFolders/filtered_images/img02272.png,34.0,1
ImageFolders/filtered_images/img02273.png,39.0,1
ImageFolders/filtered_images/img02277.png,38.0,1
ImageFolders/filtered_images/img02278.png,38.0,1
ImageFolders/filtered_images/img02281.png,44.0,1
ImageFolders/filtered_images/img02283.png,64.0,1
ImageFolders/filtered_images/img02287.png,38.0,1
ImageFolders/filtered_images/img02288.png,38.0,1
ImageFolders/filtered_images/img02295.png,67.0,1
ImageFolders/filtered_images/img02296.png,67.0,1
ImageFolders/filtered_images/img02299.png,51.0,1
ImageFolders/filtered_images/img02300.png,51.0,1
ImageFolders/filtered_images/img02305.png,45.0,1
ImageFolders/filtered_images/img02306.png,45.0,1
ImageFolders/filtered_images/img02307.png,38.0,1
ImageFolders/filtered_images/img02308.png,38.0,1
ImageFolders/filtered_images/img02309.png,38.0,1
ImageFolders/filtered_images/img02310.png,38.0,1
ImageFolders/filtered_images/img02316.png,44.0,2
ImageFolders/filtered_images/img02317.png,44.0,2
ImageFolders/filtered_images/img02325.png,42.0,2
ImageFolders/filtered_images/img02326.png,42.0,2
ImageFolders/filtered_images/img02328.png,43.0,2
ImageFolders/filtered_images/img02329.png,33.0,2
ImageFolders/filtered_images/img02330.png,33.0,2
ImageFolders/filtered_images/img02333.png,32.0,2
ImageFolders/filtered_images/img02334.png,32.0,2
ImageFolders/filtered_images/img02341.png,46.0,2
ImageFolders/filtered_images/img02342.png,46.0,2
ImageFolders/filtered_images/img02343.png,32.0,2
ImageFolders/filtered_images/img02344.png,32.0,2
ImageFolders/filtered_images/img02345.png,34.0,2
ImageFolders/filtered_images/img02346.png,34.0,2
ImageFolders/filtered_images/img02347.png,48.0,2
ImageFolders/filtered_images/img02348.png,48.0,2
ImageFolders/filtered_images/img02351.png,37.0,2
ImageFolders/filtered_images/img02352.png,37.0,2
ImageFolders/filtered_images/img02353.png,54.0,2
ImageFolders/filtered_images/img02354.png,54.0,2
ImageFolders/filtered_images/img02355.png,41.0,2
ImageFolders/filtered_images/img02356.png,41.0,2
ImageFolders/filtered_images/img02359.png,42.0,2
ImageFolders/filtered_images/img02360.png,42.0,2
ImageFolders/filtered_images/img02361.png,37.0,1
ImageFolders/filtered_images/img02362.png,37.0,1
ImageFolders/filtered_images/img02363.png,31.0,2
ImageFolders/filtered_images/img02364.png,31.0,2
ImageFolders/filtered_images/img02365.png,23.0,2
ImageFolders/filtered_images/img02369.png,31.0,2
ImageFolders/filtered_images/img02370.png,31.0,2
ImageFolders/filtered_images/img02373.png,21.0,2
ImageFolders/filtered_images/img02374.png,21.0,2
ImageFolders/filtered_images/img02379.png,28.0,2
ImageFolders/filtered_images/img02380.png,28.0,2
ImageFolders/filtered_images/img02392.png,75.0,2
ImageFolders/filtered_images/img02393.png,75.0,2
ImageFolders/filtered_images/img02400.png,70.0,2
ImageFolders/filtered_images/img02401.png,70.0,2
ImageFolders/filtered_images/img02402.png,60.0,2
ImageFolders/filtered_images/img02403.png,60.0,2
ImageFolders/filtered_images/img02416.png,57.0,1
ImageFolders/filtered_images/img02417.png,57.0,1
ImageFolders/filtered_images/img02418.png,25.0,1
ImageFolders/filtered_images/img02419.png,25.0,1
ImageFolders/filtered_images/img02422.png,60.0,2
ImageFolders/filtered_images/img02423.png,60.0,2
ImageFolders/filtered_images/img02424.png,35.0,2
ImageFolders/filtered_images/img02425.png,35.0,2
ImageFolders/filtered_images/img02428.png,81.0,2
ImageFolders/filtered_images/img02429.png,81.0,2
ImageFolders/filtered_images/img02432.png,44.0,2
ImageFolders/filtered_images/img02433.png,44.0,2
ImageFolders/filtered_images/img02436.png,54.0,2
ImageFolders/filtered_images/img02437.png,54.0,2
ImageFolders/filtered_images/img02440.png,31.0,2
ImageFolders/filtered_images/img02441.png,31.0,2
ImageFolders/filtered_images/img02442.png,56.0,2
ImageFolders/filtered_images/img02443.png,56.0,2
ImageFolders/filtered_images/img02451.png,64.0,2
ImageFolders/filtered_images/img02452.png,64.0,2
ImageFolders/filtered_images/img02455.png,64.0,2
ImageFolders/filtered_images/img02456.png,64.0,2
ImageFolders/filtered_images/img02459.png,63.0,2
ImageFolders/filtered_images/img02460.png,63.0,2
ImageFolders/filtered_images/img02461.png,60.0,2
ImageFolders/filtered_images/img02462.png,60.0,2
ImageFolders/filtered_images/img02465.png,84.0,2
ImageFolders/filtered_images/img02475.png,27.0,2
ImageFolders/filtered_images/img02476.png,27.0,2
ImageFolders/filtered_images/img02481.png,41.0,2
ImageFolders/filtered_images/img02482.png,41.0,2
ImageFolders/filtered_images/img02483.png,40.0,2
ImageFolders/filtered_images/img02484.png,40.0,2
ImageFolders/filtered_images/img02491.png,56.0,2
ImageFolders/filtered_images/img02492.png,56.0,2
ImageFolders/filtered_images/img02493.png,71.0,2
ImageFolders/filtered_images/img02494.png,71.0,2
ImageFolders/filtered_images/img02499.png,47.0,2
ImageFolders/filtered_images/img02500.png,47.0,2
ImageFolders/filtered_images/img02501.png,44.0,2
ImageFolders/filtered_images/img02502.png,44.0,2
ImageFolders/filtered_images/img02509.png,68.0,1
ImageFolders/filtered_images/img02510.png,68.0,1
ImageFolders/filtered_images/img02512.png,60.0,1
ImageFolders/filtered_images/img02513.png,60.0,1
ImageFolders/filtered_images/img02514.png,80.0,1
ImageFolders/filtered_images/img02515.png,80.0,1
ImageFolders/filtered_images/img02523.png,33.0,1
ImageFolders/filtered_images/img02531.png,72.0,2
ImageFolders/filtered_images/img02532.png,72.0,2
ImageFolders/filtered_images/img02534.png,67.0,1
ImageFolders/filtered_images/img02535.png,67.0,1
ImageFolders/filtered_images/img02538.png,43.0,2
ImageFolders/filtered_images/img02539.png,43.0,2
ImageFolders/filtered_images/img02546.png,81.0,2
ImageFolders/filtered_images/img02547.png,81.0,2
ImageFolders/filtered_images/img02548.png,64.0,2
ImageFolders/filtered_images/img02549.png,64.0,2
ImageFolders/filtered_images/img02550.png,81.0,2
ImageFolders/filtered_images/img02551.png,81.0,2
ImageFolders/filtered_images/img02553.png,14.0,2
ImageFolders/filtered_images/img02554.png,14.0,2
ImageFolders/filtered_images/img02559.png,51.0,2
ImageFolders/filtered_images/img02560.png,51.0,2
ImageFolders/filtered_images/img02565.png,69.0,1
ImageFolders/filtered_images/img02566.png,69.0,1
ImageFolders/filtered_images/img02582.png,71.0,2
ImageFolders/filtered_images/img02583.png,71.0,2
ImageFolders/filtered_images/img02593.png,79.0,2
ImageFolders/filtered_images/img02594.png,79.0,2
ImageFolders/filtered_images/img02595.png,73.0,2
ImageFolders/filtered_images/img02596.png,73.0,2
ImageFolders/filtered_images/img02602.png,60.0,2
ImageFolders/filtered_images/img02604.png,72.0,2
ImageFolders/filtered_images/img02605.png,72.0,2
ImageFolders/filtered_images/img02612.png,71.0,2
ImageFolders/filtered_images/img02613.png,71.0,2
ImageFolders/filtered_images/img02616.png,56.0,2
ImageFolders/filtered_images/img02617.png,56.0,2
ImageFolders/filtered_images/img02618.png,63.0,2
ImageFolders/filtered_images/img02619.png,63.0,2
ImageFolders/filtered_images/img02622.png,52.0,2
ImageFolders/filtered_images/img02623.png,52.0,2
ImageFolders/filtered_images/img02626.png,71.0,2
ImageFolders/filtered_images/img02627.png,71.0,2
ImageFolders/filtered_images/img02630.png,74.0,2
ImageFolders/filtered_images/img02631.png,74.0,2
ImageFolders/filtered_images/img02644.png,81.0,2
ImageFolders/filtered_images/img02645.png,81.0,2
ImageFolders/filtered_images/img02646.png,75.0,2
ImageFolders/filtered_images/img02647.png,75.0,2
ImageFolders/filtered_images/img02656.png,50.0,2
ImageFolders/filtered_images/img02657.png,50.0,2
ImageFolders/filtered_images/img02658.png,51.0,2
ImageFolders/filtered_images/img02659.png,51.0,2
ImageFolders/filtered_images/img02667.png,77.0,2
ImageFolders/filtered_images/img02668.png,77.0,2
ImageFolders/filtered_images/img02671.png,62.0,2
ImageFolders/filtered_images/img02672.png,62.0,2
ImageFolders/filtered_images/img02685.png,78.0,2
ImageFolders/filtered_images/img02687.png,77.0,2
ImageFolders/filtered_images/img02688.png,77.0,2
ImageFolders/filtered_images/img02693.png,73.0,2
ImageFolders/filtered_images/img02694.png,73.0,2
ImageFolders/filtered_images/img02695.png,65.0,2
ImageFolders/filtered_images/img02696.png,65.0,2
ImageFolders/filtered_images/img02697.png,54.0,2
ImageFolders/filtered_images/img02698.png,54.0,2
ImageFolders/filtered_images/img02699.png,60.0,2
ImageFolders/filtered_images/img02700.png,60.0,2
ImageFolders/filtered_images/img02703.png,73.0,2
ImageFolders/filtered_images/img02704.png,73.0,2
ImageFolders/filtered_images/img02705.png,71.0,2
ImageFolders/filtered_images/img02706.png,71.0,2
ImageFolders/filtered_images/img02711.png,76.0,2
ImageFolders/filtered_images/img02712.png,76.0,2
ImageFolders/filtered_images/img02715.png,61.0,2
ImageFolders/filtered_images/img02716.png,61.0,2
ImageFolders/filtered_images/img02717.png,78.0,2
ImageFolders/filtered_images/img02718.png,78.0,2
ImageFolders/filtered_images/img02719.png,63.0,2
ImageFolders/filtered_images/img02725.png,61.0,1
ImageFolders/filtered_images/img02726.png,61.0,1
ImageFolders/filtered_images/img02727.png,62.0,1
ImageFolders/filtered_images/img02728.png,62.0,1
ImageFolders/filtered_images/img02729.png,68.0,1
ImageFolders/filtered_images/img02730.png,70.0,1
ImageFolders/filtered_images/img02735.png,86.0,1
ImageFolders/filtered_images/img02736.png,86.0,1
ImageFolders/filtered_images/img02742.png,68.0,1
ImageFolders/filtered_images/img02743.png,68.0,1
ImageFolders/filtered_images/img02746.png,67.0,1
ImageFolders/filtered_images/img02747.png,67.0,1
ImageFolders/filtered_images/img02750.png,52.0,1
ImageFolders/filtered_images/img02751.png,52.0,1
ImageFolders/filtered_images/img02760.png,79.0,1
ImageFolders/filtered_images/img02761.png,79.0,1
ImageFolders/filtered_images/img02762.png,74.0,1
ImageFolders/filtered_images/img02763.png,74.0,1
ImageFolders/filtered_images/img02764.png,69.0,1
ImageFolders/filtered_images/img02765.png,69.0,1
ImageFolders/filtered_images/img02766.png,47.0,1
ImageFolders/filtered_images/img02767.png,47.0,1
ImageFolders/filtered_images/img02768.png,70.0,1
ImageFolders/filtered_images/img02769.png,70.0,1
ImageFolders/filtered_images/img02778.png,78.0,1
ImageFolders/filtered_images/img02779.png,78.0,1
ImageFolders/filtered_images/img02785.png,62.0,1
ImageFolders/filtered_images/img02786.png,62.0,1
ImageFolders/filtered_images/img02788.png,55.0,1
ImageFolders/filtered_images/img02789.png,55.0,1
ImageFolders/filtered_images/img02790.png,69.0,1
ImageFolders/filtered_images/img02791.png,69.0,1
ImageFolders/filtered_images/img02792.png,69.0,1
ImageFolders/filtered_images/img02797.png,61.0,1
ImageFolders/filtered_images/img02798.png,61.0,1
ImageFolders/filtered_images/img02801.png,55.0,1
ImageFolders/filtered_images/img02802.png,55.0,1
ImageFolders/filtered_images/img02803.png,61.0,1
ImageFolders/filtered_images/img02804.png,61.0,1
ImageFolders/filtered_images/img02809.png,57.0,1
ImageFolders/filtered_images/img02810.png,57.0,1
ImageFolders/filtered_images/img02811.png,65.0,1
ImageFolders/filtered_images/img02812.png,65.0,1
ImageFolders/filtered_images/img02814.png,71.0,1
ImageFolders/filtered_images/img02815.png,71.0,1
ImageFolders/filtered_images/img02816.png,80.0,1
ImageFolders/filtered_images/img02817.png,80.0,1
ImageFolders/filtered_images/img02818.png,66.0,1
ImageFolders/filtered_images/img02819.png,66.0,1
ImageFolders/filtered_images/img02820.png,60.0,1
ImageFolders/filtered_images/img02821.png,60.0,1
ImageFolders/filtered_images/img02824.png,58.0,1
ImageFolders/filtered_images/img02825.png,58.0,1
ImageFolders/filtered_images/img02828.png,77.0,1
ImageFolders/filtered_images/img02829.png,77.0,1
ImageFolders/filtered_images/img02834.png,58.0,1
ImageFolders/filtered_images/img02835.png,58.0,1
ImageFolders/filtered_images/img02841.png,86.0,1
ImageFolders/filtered_images/img02842.png,86.0,1
ImageFolders/filtered_images/img02843.png,66.0,1
ImageFolders/filtered_images/img02844.png,66.0,1
ImageFolders/filtered_images/img02846.png,66.0,1
ImageFolders/filtered_images/img02848.png,66.0,1
ImageFolders/filtered_images/img02849.png,72.0,1
ImageFolders/filtered_images/img02850.png,71.0,1
ImageFolders/filtered_images/img02851.png,72.0,1
ImageFolders/filtered_images/img02852.png,72.0,1
ImageFolders/filtered_images/img02855.png,73.0,1
ImageFolders/filtered_images/img02856.png,73.0,1
ImageFolders/filtered_images/img02860.png,62.0,1
ImageFolders/filtered_images/img02861.png,62.0,1
ImageFolders/filtered_images/img02868.png,56.0,1
ImageFolders/filtered_images/img02869.png,64.0,1
ImageFolders/filtered_images/img02870.png,64.0,1
ImageFolders/filtered_images/img02871.png,62.0,1
ImageFolders/filtered_images/img02874.png,78.0,1
ImageFolders/filtered_images/img02875.png,78.0,1
ImageFolders/filtered_images/img02884.png,60.0,1
ImageFolders/filtered_images/img02886.png,50.0,1
ImageFolders/filtered_images/img02887.png,50.0,1
ImageFolders/filtered_images/img02889.png,64.0,1
ImageFolders/filtered_images/img02890.png,64.0,1
ImageFolders/filtered_images/img02891.png,43.0,1
ImageFolders/filtered_images/img02892.png,43.0,1
ImageFolders/filtered_images/img02893.png,85.0,1
ImageFolders/filtered_images/img02894.png,85.0,1
ImageFolders/filtered_images/img02895.png,89.0,1
ImageFolders/filtered_images/img02896.png,89.0,1
ImageFolders/filtered_images/img02905.png,55.0,1
ImageFolders/filtered_images/img02906.png,55.0,1
ImageFolders/filtered_images/img02907.png,59.0,1
ImageFolders/filtered_images/img02908.png,59.0,1
ImageFolders/filtered_images/img02911.png,14.0,1
ImageFolders/filtered_images/img02912.png,14.0,1
ImageFolders/filtered_images/img02917.png,55.0,1
ImageFolders/filtered_images/img02918.png,73.0,1
ImageFolders/filtered_images/img02919.png,73.0,1
ImageFolders/filtered_images/img02922.png,78.0,1
ImageFolders/filtered_images/img02923.png,78.0,1
ImageFolders/filtered_images/img02926.png,54.0,1
ImageFolders/filtered_images/img02927.png,78.0,1
ImageFolders/filtered_images/img02928.png,79.0,1
ImageFolders/filtered_images/img02930.png,68.0,1
ImageFolders/filtered_images/img02932.png,67.0,1
ImageFolders/filtered_images/img02933.png,67.0,1
ImageFolders/filtered_images/img02941.png,51.0,1
ImageFolders/filtered_images/img02942.png,51.0,1
ImageFolders/filtered_images/img02945.png,88.0,1
ImageFolders/filtered_images/img02946.png,88.0,1
ImageFolders/filtered_images/img02953.png,59.0,1
ImageFolders/filtered_images/img02954.png,59.0,1
ImageFolders/filtered_images/img02957.png,61.0,1
ImageFolders/filtered_images/img02958.png,57.0,1
ImageFolders/filtered_images/img02959.png,57.0,1
ImageFolders/filtered_images/img02964.png,77.0,1
ImageFolders/filtered_images/img02967.png,67.0,1
ImageFolders/filtered_images/img02968.png,67.0,1
ImageFolders/filtered_images/img02969.png,60.0,1
ImageFolders/filtered_images/img02970.png,60.0,1
ImageFolders/filtered_images/img02973.png,69.0,1
ImageFolders/filtered_images/img02982.png,54.0,1
ImageFolders/filtered_images/img02983.png,54.0,1
ImageFolders/filtered_images/img02984.png,47.0,1
ImageFolders/filtered_images/img02985.png,47.0,1
ImageFolders/filtered_images/img02986.png,34.0,1
ImageFolders/filtered_images/img02987.png,34.0,1
ImageFolders/filtered_images/img02988.png,82.0,1
ImageFolders/filtered_images/img02989.png,82.0,1
ImageFolders/filtered_images/img02990.png,64.0,1
ImageFolders/filtered_images/img02991.png,64.0,1
ImageFolders/filtered_images/img02996.png,76.0,1
ImageFolders/filtered_images/img02997.png,76.0,1
ImageFolders/filtered_images/img03004.png,72.0,1
ImageFolders/filtered_images/img03005.png,72.0,1
ImageFolders/filtered_images/img03009.png,47.0,1
ImageFolders/filtered_images/img03010.png,47.0,1
ImageFolders/filtered_images/img03011.png,46.0,1
ImageFolders/filtered_images/img03012.png,46.0,1
ImageFolders/filtered_images/img03019.png,61.0,1
ImageFolders/filtered_images/img03020.png,61.0,1
ImageFolders/filtered_images/img03023.png,49.0,1
ImageFolders/filtered_images/img03024.png,49.0,1
ImageFolders/filtered_images/img03025.png,62.0,1
ImageFolders/filtered_images/img03026.png,62.0,1
ImageFolders/filtered_images/img03028.png,63.0,1
ImageFolders/filtered_images/img03029.png,63.0,1
ImageFolders/filtered_images/img03030.png,85.0,1
ImageFolders/filtered_images/img03031.png,85.0,1
ImageFolders/filtered_images/img03032.png,61.0,1
ImageFolders/filtered_images/img03033.png,61.0,1
ImageFolders/filtered_images/img03041.png,60.0,1
ImageFolders/filtered_images/img03042.png,60.0,1
ImageFolders/filtered_images/img03047.png,82.0,1
ImageFolders/filtered_images/img03050.png,58.0,1
ImageFolders/filtered_images/img03054.png,90.0,1
ImageFolders/filtered_images/img03057.png,65.0,1
ImageFolders/filtered_images/img03060.png,66.0,1
ImageFolders/filtered_images/img03061.png,66.0,1
ImageFolders/filtered_images/img03064.png,61.0,1
ImageFolders/filtered_images/img03065.png,61.0,1
ImageFolders/filtered_images/img03066.png,67.0,1
ImageFolders/filtered_images/img03067.png,70.0,1
ImageFolders/filtered_images/img03068.png,70.0,1
ImageFolders/filtered_images/img03069.png,62.0,1
ImageFolders/filtered_images/img03070.png,62.0,1
ImageFolders/filtered_images/img03071.png,86.0,1
ImageFolders/filtered_images/img03072.png,67.0,1
ImageFolders/filtered_images/img03073.png,67.0,1
ImageFolders/filtered_images/img03076.png,73.0,1
ImageFolders/filtered_images/img03077.png,73.0,1
ImageFolders/filtered_images/img03079.png,64.0,1
ImageFolders/filtered_images/img03080.png,64.0,1
ImageFolders/filtered_images/img03081.png,68.0,1
ImageFolders/filtered_images/img03082.png,68.0,1
ImageFolders/filtered_images/img03083.png,54.0,1
ImageFolders/filtered_images/img03084.png,54.0,1
ImageFolders/filtered_images/img03087.png,85.0,1
ImageFolders/filtered_images/img03093.png,80.0,1
ImageFolders/filtered_images/img03101.png,48.0,1
ImageFolders/filtered_images/img03105.png,50.0,1
ImageFolders/filtered_images/img03106.png,50.0,1
ImageFolders/filtered_images/img03109.png,63.0,1
ImageFolders/filtered_images/img03110.png,63.0,1
ImageFolders/filtered_images/img03112.png,73.0,1
ImageFolders/filtered_images/img03113.png,73.0,1
ImageFolders/filtered_images/img03114.png,52.0,2
ImageFolders/filtered_images/img03117.png,78.0,2
ImageFolders/filtered_images/img03118.png,78.0,2
ImageFolders/filtered_images/img03119.png,52.0,2
ImageFolders/filtered_images/img03122.png,72.0,2
ImageFolders/filtered_images/img03123.png,72.0,2
ImageFolders/filtered_images/img03128.png,68.0,2
ImageFolders/filtered_images/img03129.png,68.0,2
ImageFolders/filtered_images/img03131.png,51.0,2
ImageFolders/filtered_images/img03132.png,61.0,2
ImageFolders/filtered_images/img03134.png,52.0,2
ImageFolders/filtered_images/img03135.png,52.0,2
ImageFolders/filtered_images/img03138.png,60.0,2
ImageFolders/filtered_images/img03139.png,60.0,2
ImageFolders/filtered_images/img03144.png,70.0,2
ImageFolders/filtered_images/img03145.png,70.0,2
ImageFolders/filtered_images/img03146.png,71.0,2
ImageFolders/filtered_images/img03147.png,71.0,2
ImageFolders/filtered_images/img03148.png,74.0,2
ImageFolders/filtered_images/img03149.png,74.0,2
ImageFolders/filtered_images/img03156.png,63.0,2
ImageFolders/filtered_images/img03157.png,63.0,2
ImageFolders/filtered_images/img03158.png,63.0,2
ImageFolders/filtered_images/img03166.png,64.0,2
ImageFolders/filtered_images/img03167.png,64.0,2
ImageFolders/filtered_images/img03168.png,84.0,2
ImageFolders/filtered_images/img03169.png,84.0,2
ImageFolders/filtered_images/img03170.png,55.0,2
ImageFolders/filtered_images/img03171.png,55.0,2
ImageFolders/filtered_images/img03172.png,65.0,2
ImageFolders/filtered_images/img03173.png,65.0,2
ImageFolders/filtered_images/img03175.png,51.0,2
ImageFolders/filtered_images/img03176.png,51.0,2
ImageFolders/filtered_images/img03179.png,66.0,2
ImageFolders/filtered_images/img03185.png,60.0,2
ImageFolders/filtered_images/img03186.png,60.0,2
ImageFolders/filtered_images/img03189.png,45.0,2
ImageFolders/filtered_images/img03190.png,45.0,2
ImageFolders/filtered_images/img03191.png,72.0,2
ImageFolders/filtered_images/img03192.png,72.0,2
ImageFolders/filtered_images/img03193.png,73.0,2
ImageFolders/filtered_images/img03194.png,73.0,2
ImageFolders/filtered_images/img03195.png,59.0,2
ImageFolders/filtered_images/img03196.png,59.0,2
ImageFolders/filtered_images/img03199.png,73.0,2
ImageFolders/filtered_images/img03200.png,73.0,2
ImageFolders/filtered_images/img03203.png,67.0,2
ImageFolders/filtered_images/img03204.png,67.0,2
ImageFolders/filtered_images/img03209.png,65.0,2
ImageFolders/filtered_images/img03210.png,65.0,2
ImageFolders/filtered_images/img03211.png,65.0,2
ImageFolders/filtered_images/img03216.png,51.0,2
ImageFolders/filtered_images/img03217.png,51.0,2
ImageFolders/filtered_images/img03218.png,55.0,2
ImageFolders/filtered_images/img03219.png,55.0,2
ImageFolders/filtered_images/img03221.png,46.0,2
ImageFolders/filtered_images/img03222.png,46.0,2
ImageFolders/filtered_images/img03227.png,62.0,2
ImageFolders/filtered_images/img03228.png,62.0,2
ImageFolders/filtered_images/img03233.png,56.0,2
ImageFolders/filtered_images/img03234.png,56.0,2
ImageFolders/filtered_images/img03245.png,66.0,2
ImageFolders/filtered_images/img03246.png,66.0,2
ImageFolders/filtered_images/img03247.png,70.0,2
ImageFolders/filtered_images/img03248.png,70.0,2
ImageFolders/filtered_images/img03249.png,71.0,1
ImageFolders/filtered_images/img03250.png,71.0,1
ImageFolders/filtered_images/img03251.png,60.0,1
ImageFolders/filtered_images/img03252.png,60.0,1
ImageFolders/filtered_images/img03255.png,64.0,1
ImageFolders/filtered_images/img03256.png,63.0,1
ImageFolders/filtered_images/img03261.png,69.0,1
ImageFolders/filtered_images/img03262.png,69.0,1
ImageFolders/filtered_images/img03267.png,64.0,1
ImageFolders/filtered_images/img03268.png,64.0,1
ImageFolders/filtered_images/img03269.png,67.0,1
ImageFolders/filtered_images/img03270.png,67.0,1
ImageFolders/filtered_images/img03271.png,61.0,1
ImageFolders/filtered_images/img03272.png,61.0,1
ImageFolders/filtered_images/img03273.png,61.0,1
ImageFolders/filtered_images/img03274.png,61.0,1
ImageFolders/filtered_images/img03278.png,55.0,1
ImageFolders/filtered_images/img03279.png,55.0,1
ImageFolders/filtered_images/img03282.png,89.0,2
ImageFolders/filtered_images/img03283.png,89.0,2
ImageFolders/filtered_images/img03288.png,65.0,2
ImageFolders/filtered_images/img03289.png,65.0,2
ImageFolders/filtered_images/img03294.png,45.0,2
ImageFolders/filtered_images/img03295.png,45.0,2
ImageFolders/filtered_images/img03296.png,68.0,2
ImageFolders/filtered_images/img03297.png,68.0,2
ImageFolders/filtered_images/img03298.png,74.0,2
ImageFolders/filtered_images/img03299.png,74.0,2
ImageFolders/filtered_images/img03301.png,59.0,2
ImageFolders/filtered_images/img03302.png,77.0,1
ImageFolders/filtered_images/img03303.png,77.0,1
ImageFolders/filtered_images/img03304.png,71.0,2
ImageFolders/filtered_images/img03305.png,71.0,2
ImageFolders/filtered_images/img03316.png,84.0,1
ImageFolders/filtered_images/img03317.png,48.0,1
ImageFolders/filtered_images/img03318.png,48.0,1
ImageFolders/filtered_images/img03326.png,34.0,2
ImageFolders/filtered_images/img03327.png,34.0,2
ImageFolders/filtered_images/img03330.png,32.0,2
ImageFolders/filtered_images/img03331.png,32.0,2
ImageFolders/filtered_images/img03341.png,71.0,1
ImageFolders/filtered_images/img03342.png,83.0,1
ImageFolders/filtered_images/img03348.png,48.0,2
ImageFolders/filtered_images/img03349.png,48.0,2
ImageFolders/filtered_images/img03350.png,57.0,2
ImageFolders/filtered_images/img03351.png,57.0,2
ImageFolders/filtered_images/img03382.png,66.0,1
ImageFolders/filtered_images/img03383.png,66.0,1
ImageFolders/filtered_images/img03384.png,80.0,1
ImageFolders/filtered_images/img03385.png,80.0,1
ImageFolders/filtered_images/img03390.png,63.0,1
ImageFolders/filtered_images/img03391.png,63.0,1
ImageFolders/filtered_images/img03392.png,63.0,1
ImageFolders/filtered_images/img03393.png,63.0,1
ImageFolders/filtered_images/img03394.png,58.0,1
ImageFolders/filtered_images/img03395.png,58.0,1
ImageFolders/filtered_images/img03404.png,76.0,1
ImageFolders/filtered_images/img03405.png,76.0,1
ImageFolders/filtered_images/img03406.png,69.0,1
ImageFolders/filtered_images/img03407.png,69.0,1
ImageFolders/filtered_images/img03414.png,82.0,1
ImageFolders/filtered_images/img03415.png,82.0,1
ImageFolders/filtered_images/img03416.png,76.0,2
ImageFolders/filtered_images/img03418.png,55.0,2
ImageFolders/filtered_images/img03419.png,55.0,2
ImageFolders/filtered_images/img03423.png,76.0,2
ImageFolders/filtered_images/img03441.png,63.0,1
ImageFolders/filtered_images/img03442.png,63.0,1
ImageFolders/filtered_images/img03447.png,80.0,1
ImageFolders/filtered_images/img03448.png,80.0,1
ImageFolders/filtered_images/img03449.png,37.0,1
ImageFolders/filtered_images/img03450.png,37.0,1
ImageFolders/filtered_images/img03454.png,79.0,1
ImageFolders/filtered_images/img03455.png,79.0,1
ImageFolders/filtered_images/img03456.png,8.0,1
ImageFolders/filtered_images/img03457.png,9.0,1
ImageFolders/filtered_images/img03458.png,9.0,1
ImageFolders/filtered_images/img03460.png,14.0,1
ImageFolders/filtered_images/img03465.png,72.0,2
ImageFolders/filtered_images/img03466.png,72.0,2
ImageFolders/filtered_images/img03477.png,68.0,2
ImageFolders/filtered_images/img03478.png,68.0,2
ImageFolders/filtered_images/img03485.png,66.0,1
ImageFolders/filtered_images/img03486.png,66.0,1
ImageFolders/filtered_images/img03499.png,61.0,2
ImageFolders/filtered_images/img03500.png,61.0,2
ImageFolders/filtered_images/img03501.png,90.0,2
ImageFolders/filtered_images/img03502.png,56.0,2
ImageFolders/filtered_images/img03503.png,56.0,2
ImageFolders/filtered_images/img03508.png,64.0,1
ImageFolders/filtered_images/img03509.png,64.0,1
ImageFolders/filtered_images/img03519.png,47.0,2
ImageFolders/filtered_images/img03522.png,80.0,2
ImageFolders/filtered_images/img03523.png,80.0,2
ImageFolders/filtered_images/img03533.png,61.0,2
ImageFolders/filtered_images/img03538.png,74.0,2
ImageFolders/filtered_images/img03539.png,74.0,2
ImageFolders/filtered_images/img03548.png,67.0,1
ImageFolders/filtered_images/img03549.png,67.0,1
ImageFolders/filtered_images/img03552.png,63.0,2
ImageFolders/filtered_images/img03553.png,63.0,2
ImageFolders/filtered_images/img03556.png,11.0,2
ImageFolders/filtered_images/img03557.png,11.0,2
ImageFolders/filtered_images/img03561.png,31.0,2
ImageFolders/filtered_images/img03564.png,31.0,2
ImageFolders/filtered_images/img03565.png,31.0,2
ImageFolders/filtered_images/img03572.png,64.0,1
ImageFolders/filtered_images/img03573.png,64.0,1
ImageFolders/filtered_images/img03574.png,26.0,2
ImageFolders/filtered_images/img03583.png,18.0,2
ImageFolders/filtered_images/img03584.png,18.0,2
ImageFolders/filtered_images/img03585.png,22.0,2
ImageFolders/filtered_images/img03586.png,22.0,2
ImageFolders/filtered_images/img03587.png,13.0,2
ImageFolders/filtered_images/img03588.png,13.0,2
ImageFolders/filtered_images/img03599.png,12.0,2
ImageFolders/filtered_images/img03601.png,15.0,2
ImageFolders/filtered_images/img03602.png,15.0,2
ImageFolders/filtered_images/img03603.png,17.0,2
ImageFolders/filtered_images/img03604.png,17.0,2
ImageFolders/filtered_images/img03607.png,15.0,2
ImageFolders/filtered_images/img03608.png,15.0,2
ImageFolders/filtered_images/img03610.png,18.0,2
ImageFolders/filtered_images/img03613.png,55.0,2
ImageFolders/filtered_images/img03618.png,52.0,1
ImageFolders/filtered_images/img03619.png,52.0,1
ImageFolders/filtered_images/img03620.png,61.0,1
ImageFolders/filtered_images/img03621.png,61.0,1
ImageFolders/filtered_images/img03622.png,81.0,2
ImageFolders/filtered_images/img03623.png,81.0,2
ImageFolders/filtered_images/img03624.png,72.0,2
ImageFolders/filtered_images/img03625.png,72.0,2
ImageFolders/filtered_images/img03630.png,70.0,2
ImageFolders/filtered_images/img03631.png,70.0,2
ImageFolders/filtered_images/img03634.png,81.0,2
ImageFolders/filtered_images/img03636.png,88.0,2
ImageFolders/filtered_images/img03643.png,60.0,2
ImageFolders/filtered_images/img03644.png,60.0,2
ImageFolders/filtered_images/img03649.png,71.0,2
ImageFolders/filtered_images/img03650.png,71.0,2
ImageFolders/filtered_images/img03655.png,93.0,2
ImageFolders/filtered_images/img03656.png,93.0,2
ImageFolders/filtered_images/img03660.png,78.0,2
ImageFolders/filtered_images/img03669.png,97.0,2
ImageFolders/filtered_images/img03670.png,97.0,2
ImageFolders/filtered_images/img03671.png,79.0,2
ImageFolders/filtered_images/img03672.png,79.0,2
ImageFolders/filtered_images/img03678.png,67.0,1
ImageFolders/filtered_images/img03681.png,78.0,1
ImageFolders/filtered_images/img03682.png,78.0,1
ImageFolders/filtered_images/img03685.png,65.0,1
ImageFolders/filtered_images/img03686.png,65.0,1
ImageFolders/filtered_images/img03691.png,63.0,1
ImageFolders/filtered_images/img03692.png,63.0,1
ImageFolders/filtered_images/img03697.png,81.0,1
ImageFolders/filtered_images/img03698.png,81.0,1
ImageFolders/filtered_images/img03704.png,88.0,1
ImageFolders/filtered_images/img03705.png,88.0,1
ImageFolders/filtered_images/img03714.png,63.0,1
ImageFolders/filtered_images/img03715.png,63.0,1
ImageFolders/filtered_images/img03716.png,84.0,1
ImageFolders/filtered_images/img03720.png,75.0,1
ImageFolders/filtered_images/img03721.png,75.0,1
ImageFolders/filtered_images/img03729.png,78.0,1
ImageFolders/filtered_images/img03734.png,29.0,1
ImageFolders/filtered_images/img03735.png,29.0,1
ImageFolders/filtered_images/img03738.png,87.0,1
ImageFolders/filtered_images/img03739.png,70.0,2
ImageFolders/filtered_images/img03740.png,70.0,2
ImageFolders/filtered_images/img03747.png,64.0,2
ImageFolders/filtered_images/img03748.png,64.0,2
ImageFolders/filtered_images/img03749.png,52.0,2
ImageFolders/filtered_images/img03750.png,52.0,2
ImageFolders/filtered_images/img03753.png,71.0,2
ImageFolders/filtered_images/img03754.png,71.0,2
ImageFolders/filtered_images/img03764.png,79.0,1
ImageFolders/filtered_images/img03765.png,79.0,1
ImageFolders/filtered_images/img03766.png,75.0,1
ImageFolders/filtered_images/img03767.png,75.0,1
ImageFolders/filtered_images/img03768.png,62.0,1
ImageFolders/filtered_images/img03769.png,62.0,1
ImageFolders/filtered_images/img03772.png,66.0,1
ImageFolders/filtered_images/img03773.png,66.0,1
ImageFolders/filtered_images/img03776.png,58.0,1
ImageFolders/filtered_images/img03777.png,58.0,1
ImageFolders/filtered_images/img03784.png,14.0,2
ImageFolders/filtered_images/img03785.png,14.0,2
ImageFolders/filtered_images/img03788.png,10.0,1
ImageFolders/filtered_images/img03789.png,10.0,1
ImageFolders/filtered_images/img03790.png,59.0,2
ImageFolders/filtered_images/img03791.png,59.0,2
ImageFolders/filtered_images/img03800.png,31.0,2
ImageFolders/filtered_images/img03801.png,31.0,2
ImageFolders/filtered_images/img03802.png,23.0,2
ImageFolders/filtered_images/img03803.png,23.0,2
ImageFolders/filtered_images/img03806.png,30.0,2
ImageFolders/filtered_images/img03807.png,30.0,2
ImageFolders/filtered_images/img03808.png,24.0,2
ImageFolders/filtered_images/img03809.png,24.0,2
ImageFolders/filtered_images/img03812.png,18.0,1
ImageFolders/filtered_images/img03813.png,18.0,1
ImageFolders/filtered_images/img03816.png,55.0,1
ImageFolders/filtered_images/img03817.png,55.0,1
ImageFolders/filtered_images/img03826.png,30.0,1
ImageFolders/filtered_images/img03827.png,30.0,1
ImageFolders/filtered_images/img03828.png,34.0,1
ImageFolders/filtered_images/img03829.png,34.0,1
ImageFolders/filtered_images/img03832.png,17.0,1
ImageFolders/filtered_images/img03833.png,17.0,1
ImageFolders/filtered_images/img03834.png,32.0,1
ImageFolders/filtered_images/img03835.png,32.0,1
ImageFolders/filtered_images/img03838.png,46.0,2
ImageFolders/filtered_images/img03839.png,46.0,2
ImageFolders/filtered_images/img03840.png,72.0,2
ImageFolders/filtered_images/img03841.png,72.0,2
ImageFolders/filtered_images/img03850.png,56.0,1
ImageFolders/filtered_images/img03851.png,56.0,1
ImageFolders/filtered_images/img03856.png,25.0,1
ImageFolders/filtered_images/img03857.png,25.0,1
ImageFolders/filtered_images/img03860.png,31.0,1
ImageFolders/filtered_images/img03861.png,31.0,1
ImageFolders/filtered_images/img03862.png,25.0,1
ImageFolders/filtered_images/img03863.png,25.0,1
ImageFolders/filtered_images/img03866.png,27.0,2
ImageFolders/filtered_images/img03867.png,27.0,2
ImageFolders/filtered_images/img03868.png,17.0,2
ImageFolders/filtered_images/img03869.png,17.0,2
ImageFolders/filtered_images/img03870.png,29.0,2
ImageFolders/filtered_images/img03871.png,29.0,2
ImageFolders/filtered_images/img03872.png,39.0,2
ImageFolders/filtered_images/img03873.png,39.0,2
ImageFolders/filtered_images/img03876.png,34.0,2
ImageFolders/filtered_images/img03877.png,34.0,2
ImageFolders/filtered_images/img03878.png,24.0,2
ImageFolders/filtered_images/img03879.png,24.0,2
ImageFolders/filtered_images/img03880.png,27.0,2
ImageFolders/filtered_images/img03881.png,27.0,2
ImageFolders/filtered_images/img03886.png,37.0,2
ImageFolders/filtered_images/img03887.png,37.0,2
ImageFolders/filtered_images/img03888.png,35.0,2
ImageFolders/filtered_images/img03889.png,35.0,2
ImageFolders/filtered_images/img03890.png,10.0,2
ImageFolders/filtered_images/img03891.png,10.0,2
ImageFolders/filtered_images/img03892.png,32.0,2
ImageFolders/filtered_images/img03893.png,32.0,2
ImageFolders/filtered_images/img03898.png,29.0,2
ImageFolders/filtered_images/img03899.png,29.0,2
ImageFolders/filtered_images/img03910.png,88.0,2
ImageFolders/filtered_images/img03911.png,88.0,2
ImageFolders/filtered_images/img03912.png,78.0,2
ImageFolders/filtered_images/img03915.png,27.0,2
ImageFolders/filtered_images/img03916.png,27.0,2
ImageFolders/filtered_images/img03918.png,55.0,2
ImageFolders/filtered_images/img03919.png,46.0,2
ImageFolders/filtered_images/img03920.png,46.0,2
ImageFolders/filtered_images/img03921.png,52.0,2
ImageFolders/filtered_images/img03922.png,52.0,2
ImageFolders/filtered_images/img03925.png,45.0,2
ImageFolders/filtered_images/img03926.png,45.0,2
ImageFolders/filtered_images/img03927.png,28.0,2
ImageFolders/filtered_images/img03928.png,28.0,2
ImageFolders/filtered_images/img03929.png,29.0,2
ImageFolders/filtered_images/img03930.png,29.0,2
ImageFolders/filtered_images/img03946.png,64.0,1
ImageFolders/filtered_images/img03948.png,67.0,1
ImageFolders/filtered_images/img03949.png,67.0,1
ImageFolders/filtered_images/img03962.png,55.0,1
ImageFolders/filtered_images/img03965.png,53.0,1
ImageFolders/filtered_images/img03970.png,54.0,1
ImageFolders/filtered_images/img03971.png,54.0,1
ImageFolders/filtered_images/img03972.png,74.0,1
ImageFolders/filtered_images/img03973.png,74.0,1
ImageFolders/filtered_images/img03974.png,68.0,1
ImageFolders/filtered_images/img03975.png,68.0,1
ImageFolders/filtered_images/img03976.png,45.0,1
ImageFolders/filtered_images/img03977.png,45.0,1
ImageFolders/filtered_images/img03978.png,56.0,1
ImageFolders/filtered_images/img03979.png,56.0,1
ImageFolders/filtered_images/img03982.png,55.0,1
ImageFolders/filtered_images/img03983.png,55.0,1
ImageFolders/filtered_images/img03985.png,62.0,1
ImageFolders/filtered_images/img03986.png,62.0,1
ImageFolders/filtered_images/img03987.png,52.0,1
ImageFolders/filtered_images/img03988.png,52.0,1
ImageFolders/filtered_images/img03989.png,22.0,1
ImageFolders/filtered_images/img03990.png,22.0,1
ImageFolders/filtered_images/img03999.png,63.0,1
ImageFolders/filtered_images/img04001.png,59.0,1
ImageFolders/filtered_images/img04002.png,59.0,1
ImageFolders/filtered_images/img04004.png,59.0,1
ImageFolders/filtered_images/img04011.png,68.0,1
ImageFolders/filtered_images/img04012.png,68.0,1
ImageFolders/filtered_images/img04014.png,59.0,1
ImageFolders/filtered_images/img04020.png,46.0,1
ImageFolders/filtered_images/img04021.png,46.0,1
ImageFolders/filtered_images/img04027.png,19.0,1
ImageFolders/filtered_images/img04028.png,19.0,1
ImageFolders/filtered_images/img04029.png,43.0,1
ImageFolders/filtered_images/img04030.png,43.0,1
ImageFolders/filtered_images/img04041.png,61.0,1
ImageFolders/filtered_images/img04042.png,61.0,1
ImageFolders/filtered_images/img04051.png,57.0,1
ImageFolders/filtered_images/img04052.png,57.0,1
ImageFolders/filtered_images/img04057.png,64.0,1
ImageFolders/filtered_images/img04058.png,64.0,1
ImageFolders/filtered_images/img04060.png,63.0,1
ImageFolders/filtered_images/img04061.png,63.0,1
ImageFolders/filtered_images/img04072.png,60.0,1
ImageFolders/filtered_images/img04073.png,60.0,1
ImageFolders/filtered_images/img04074.png,68.0,1
ImageFolders/filtered_images/img04075.png,68.0,1
ImageFolders/filtered_images/img04078.png,60.0,1
ImageFolders/filtered_images/img04079.png,60.0,1
ImageFolders/filtered_images/img04082.png,52.0,1
ImageFolders/filtered_images/img04083.png,52.0,1
ImageFolders/filtered_images/img04084.png,77.0,1
ImageFolders/filtered_images/img04085.png,77.0,1
ImageFolders/filtered_images/img04090.png,61.0,1
ImageFolders/filtered_images/img04091.png,61.0,1
ImageFolders/filtered_images/img04092.png,68.0,1
ImageFolders/filtered_images/img04093.png,68.0,1
ImageFolders/filtered_images/img04103.png,67.0,2
ImageFolders/filtered_images/img04104.png,67.0,2
ImageFolders/filtered_images/img04105.png,60.0,2
ImageFolders/filtered_images/img04106.png,60.0,2
ImageFolders/filtered_images/img04109.png,75.0,2
ImageFolders/filtered_images/img04110.png,75.0,2
ImageFolders/filtered_images/img04115.png,57.0,2
ImageFolders/filtered_images/img04116.png,57.0,2
ImageFolders/filtered_images/img04117.png,46.0,2
ImageFolders/filtered_images/img04118.png,46.0,2
ImageFolders/filtered_images/img04123.png,75.0,2
ImageFolders/filtered_images/img04124.png,75.0,2
ImageFolders/filtered_images/img04127.png,80.0,2
ImageFolders/filtered_images/img04130.png,71.0,2
ImageFolders/filtered_images/img04135.png,54.0,2
ImageFolders/filtered_images/img04136.png,54.0,2
ImageFolders/filtered_images/img04139.png,83.0,2
ImageFolders/filtered_images/img04140.png,83.0,2
ImageFolders/filtered_images/img04145.png,36.0,2
ImageFolders/filtered_images/img04146.png,36.0,2
ImageFolders/filtered_images/img04149.png,73.0,2
ImageFolders/filtered_images/img04150.png,73.0,2
ImageFolders/filtered_images/img04151.png,66.0,2
ImageFolders/filtered_images/img04152.png,66.0,2
ImageFolders/filtered_images/img04153.png,69.0,2
ImageFolders/filtered_images/img04154.png,69.0,2
ImageFolders/filtered_images/img04155.png,78.0,2
ImageFolders/filtered_images/img04156.png,78.0,2
ImageFolders/filtered_images/img04157.png,7.0,2
ImageFolders/filtered_images/img04158.png,7.0,2
ImageFolders/filtered_images/img04159.png,35.0,2
ImageFolders/filtered_images/img04160.png,35.0,2
ImageFolders/filtered_images/img04178.png,62.0,2
ImageFolders/filtered_images/img04179.png,62.0,2
ImageFolders/filtered_images/img04182.png,54.0,1
ImageFolders/filtered_images/img04183.png,54.0,1
ImageFolders/filtered_images/img04188.png,55.0,2
ImageFolders/filtered_images/img04189.png,55.0,2
ImageFolders/filtered_images/img04193.png,83.0,2
ImageFolders/filtered_images/img04194.png,81.0,2
ImageFolders/filtered_images/img04198.png,60.0,2
ImageFolders/filtered_images/img04201.png,34.0,2
ImageFolders/filtered_images/img04202.png,34.0,2
ImageFolders/filtered_images/img04206.png,89.0,1
ImageFolders/filtered_images/img04211.png,65.0,2
ImageFolders/filtered_images/img04212.png,65.0,2
ImageFolders/filtered_images/img04213.png,76.0,2
ImageFolders/filtered_images/img04214.png,76.0,2
ImageFolders/filtered_images/img04217.png,79.0,2
ImageFolders/filtered_images/img04218.png,79.0,2
ImageFolders/filtered_images/img04221.png,57.0,2
ImageFolders/filtered_images/img04222.png,57.0,2
ImageFolders/filtered_images/img04223.png,58.0,2
ImageFolders/filtered_images/img04224.png,58.0,2
ImageFolders/filtered_images/img04231.png,73.0,2
ImageFolders/filtered_images/img04232.png,73.0,2
ImageFolders/filtered_images/img04235.png,73.0,1
ImageFolders/filtered_images/img04236.png,73.0,1
ImageFolders/filtered_images/img04237.png,58.0,2
ImageFolders/filtered_images/img04238.png,58.0,2
ImageFolders/filtered_images/img04239.png,43.0,2
ImageFolders/filtered_images/img04240.png,43.0,2
ImageFolders/filtered_images/img04241.png,52.0,2
ImageFolders/filtered_images/img04242.png,52.0,2
ImageFolders/filtered_images/img04245.png,61.0,2
ImageFolders/filtered_images/img04246.png,61.0,2
ImageFolders/filtered_images/img04251.png,66.0,2
ImageFolders/filtered_images/img04252.png,66.0,2
ImageFolders/filtered_images/img04259.png,77.0,2
ImageFolders/filtered_images/img04260.png,77.0,2
ImageFolders/filtered_images/img04261.png,53.0,2
ImageFolders/filtered_images/img04262.png,53.0,2
ImageFolders/filtered_images/img04263.png,56.0,2
ImageFolders/filtered_images/img04264.png,58.0,2
ImageFolders/filtered_images/img04265.png,58.0,2
ImageFolders/filtered_images/img04266.png,66.0,2
ImageFolders/filtered_images/img04267.png,66.0,2
ImageFolders/filtered_images/img04280.png,60.0,2
ImageFolders/filtered_images/img04281.png,60.0,2
ImageFolders/filtered_images/img04282.png,61.0,2
ImageFolders/filtered_images/img04283.png,61.0,2
ImageFolders/filtered_images/img04289.png,47.0,2
ImageFolders/filtered_images/img04290.png,47.0,2
ImageFolders/filtered_images/img04293.png,33.0,2
ImageFolders/filtered_images/img04294.png,33.0,2
ImageFolders/filtered_images/img04297.png,80.0,2
ImageFolders/filtered_images/img04298.png,80.0,2
ImageFolders/filtered_images/img04300.png,66.0,2
ImageFolders/filtered_images/img04301.png,66.0,2
ImageFolders/filtered_images/img04302.png,75.0,2
ImageFolders/filtered_images/img04303.png,75.0,2
ImageFolders/filtered_images/img04308.png,66.0,2
ImageFolders/filtered_images/img04309.png,66.0,2
ImageFolders/filtered_images/img04312.png,41.0,1
ImageFolders/filtered_images/img04313.png,41.0,1
ImageFolders/filtered_images/img04316.png,50.0,1
ImageFolders/filtered_images/img04323.png,52.0,2
ImageFolders/filtered_images/img04324.png,52.0,2
ImageFolders/filtered_images/img04325.png,60.0,2
ImageFolders/filtered_images/img04326.png,60.0,2
ImageFolders/filtered_images/img04331.png,59.0,1
ImageFolders/filtered_images/img04332.png,59.0,1
ImageFolders/filtered_images/img04333.png,69.0,1
ImageFolders/filtered_images/img04334.png,69.0,1
ImageFolders/filtered_images/img04335.png,74.0,1
ImageFolders/filtered_images/img04336.png,74.0,1
ImageFolders/filtered_images/img04357.png,40.0,1
ImageFolders/filtered_images/img04358.png,40.0,1
ImageFolders/filtered_images/img04361.png,64.0,1
ImageFolders/filtered_images/img04362.png,64.0,1
ImageFolders/filtered_images/img04367.png,82.0,2
ImageFolders/filtered_images/img04368.png,82.0,2
ImageFolders/filtered_images/img04379.png,46.0,1
ImageFolders/filtered_images/img04380.png,46.0,1
ImageFolders/filtered_images/img04399.png,68.0,2
ImageFolders/filtered_images/img04400.png,68.0,2
ImageFolders/filtered_images/img04401.png,68.0,2
ImageFolders/filtered_images/img04402.png,68.0,2
ImageFolders/filtered_images/img04404.png,66.0,2
ImageFolders/filtered_images/img04405.png,66.0,2
ImageFolders/filtered_images/img04410.png,54.0,2
ImageFolders/filtered_images/img04411.png,54.0,2
ImageFolders/filtered_images/img04414.png,48.0,1
ImageFolders/filtered_images/img04415.png,48.0,1
ImageFolders/filtered_images/img04416.png,72.0,1
ImageFolders/filtered_images/img04417.png,72.0,1
ImageFolders/filtered_images/img04423.png,79.0,1
ImageFolders/filtered_images/img04424.png,79.0,1
ImageFolders/filtered_images/img04429.png,51.0,1
ImageFolders/filtered_images/img04430.png,51.0,1
ImageFolders/filtered_images/img04431.png,45.0,1
ImageFolders/filtered_images/img04432.png,45.0,1
ImageFolders/filtered_images/img04435.png,46.0,1
ImageFolders/filtered_images/img04436.png,46.0,1
ImageFolders/filtered_images/img04437.png,69.0,1
ImageFolders/filtered_images/img04438.png,69.0,1
ImageFolders/filtered_images/img04445.png,67.0,1
ImageFolders/filtered_images/img04446.png,67.0,1
ImageFolders/filtered_images/img04447.png,45.0,1
ImageFolders/filtered_images/img04448.png,45.0,1
ImageFolders/filtered_images/img04456.png,48.0,2
ImageFolders/filtered_images/img04457.png,48.0,2
ImageFolders/filtered_images/img04458.png,35.0,2
ImageFolders/filtered_images/img04459.png,35.0,2
ImageFolders/filtered_images/img04462.png,67.0,2
ImageFolders/filtered_images/img04463.png,67.0,2
ImageFolders/filtered_images/img04469.png,16.0,2
ImageFolders/filtered_images/img04476.png,71.0,2
ImageFolders/filtered_images/img04477.png,71.0,2
ImageFolders/filtered_images/img04478.png,82.0,1
ImageFolders/filtered_images/img04479.png,82.0,1
ImageFolders/filtered_images/img04482.png,74.0,2
ImageFolders/filtered_images/img04483.png,74.0,2
ImageFolders/filtered_images/img04488.png,30.0,1
ImageFolders/filtered_images/img04489.png,30.0,1
ImageFolders/filtered_images/img04491.png,56.0,2
ImageFolders/filtered_images/img04494.png,6.0,2
ImageFolders/filtered_images/img04500.png,54.0,2
ImageFolders/filtered_images/img04502.png,82.0,2
ImageFolders/filtered_images/img04503.png,82.0,2
ImageFolders/filtered_images/img04504.png,63.0,2
ImageFolders/filtered_images/img04505.png,63.0,2
ImageFolders/filtered_images/img04506.png,53.0,2
ImageFolders/filtered_images/img04507.png,53.0,2
ImageFolders/filtered_images/img04512.png,80.0,2
ImageFolders/filtered_images/img04513.png,80.0,2
ImageFolders/filtered_images/img04514.png,73.0,2
ImageFolders/filtered_images/img04516.png,82.0,2
ImageFolders/filtered_images/img04517.png,82.0,2
ImageFolders/filtered_images/img04518.png,48.0,2
ImageFolders/filtered_images/img04519.png,48.0,2
ImageFolders/filtered_images/img04520.png,87.0,2
ImageFolders/filtered_images/img04521.png,87.0,2
ImageFolders/filtered_images/img04524.png,71.0,2
ImageFolders/filtered_images/img04526.png,71.0,2
ImageFolders/filtered_images/img04527.png,71.0,2
ImageFolders/filtered_images/img04536.png,85.0,2
ImageFolders/filtered_images/img04537.png,85.0,2
ImageFolders/filtered_images/img04542.png,45.0,2
ImageFolders/filtered_images/img04543.png,45.0,2
ImageFolders/filtered_images/img04546.png,69.0,2
ImageFolders/filtered_images/img04547.png,69.0,2
ImageFolders/filtered_images/img04548.png,71.0,2
ImageFolders/filtered_images/img04549.png,71.0,2
ImageFolders/filtered_images/img04552.png,81.0,2
ImageFolders/filtered_images/img04554.png,88.0,1
ImageFolders/filtered_images/img04555.png,88.0,1
ImageFolders/filtered_images/img04558.png,61.0,1
ImageFolders/filtered_images/img04559.png,61.0,1
ImageFolders/filtered_images/img04560.png,56.0,1
ImageFolders/filtered_images/img04561.png,56.0,1
ImageFolders/filtered_images/img04576.png,53.0,2
ImageFolders/filtered_images/img04577.png,53.0,2
ImageFolders/filtered_images/img04579.png,44.0,2
ImageFolders/filtered_images/img04596.png,77.0,2
ImageFolders/filtered_images/img04606.png,53.0,2
ImageFolders/filtered_images/img04616.png,36.0,2
ImageFolders/filtered_images/img04621.png,40.0,2
ImageFolders/filtered_images/img04622.png,40.0,2
ImageFolders/filtered_images/img04631.png,38.0,2
ImageFolders/filtered_images/img04632.png,38.0,2
ImageFolders/filtered_images/img04635.png,35.0,2
ImageFolders/filtered_images/img04636.png,35.0,2
ImageFolders/filtered_images/img04637.png,55.0,2
ImageFolders/filtered_images/img04638.png,55.0,2
ImageFolders/filtered_images/img04639.png,44.0,2
ImageFolders/filtered_images/img04640.png,44.0,2
ImageFolders/filtered_images/img04645.png,52.0,2
ImageFolders/filtered_images/img04646.png,52.0,2
ImageFolders/filtered_images/img04649.png,39.0,2
ImageFolders/filtered_images/img04650.png,39.0,2
ImageFolders/filtered_images/img04654.png,57.0,1
ImageFolders/filtered_images/img04659.png,65.0,1
ImageFolders/filtered_images/img04660.png,65.0,1
ImageFolders/filtered_images/img04661.png,42.0,1
ImageFolders/filtered_images/img04662.png,42.0,1
ImageFolders/filtered_images/img04677.png,57.0,1
ImageFolders/filtered_images/img04678.png,57.0,1
ImageFolders/filtered_images/img04683.png,64.0,1
ImageFolders/filtered_images/img04684.png,64.0,1
ImageFolders/filtered_images/img04685.png,62.0,1
ImageFolders/filtered_images/img04691.png,46.0,1
ImageFolders/filtered_images/img04692.png,46.0,1
ImageFolders/filtered_images/img04695.png,16.0,1
ImageFolders/filtered_images/img04696.png,16.0,1
ImageFolders/filtered_images/img04697.png,50.0,1
ImageFolders/filtered_images/img04698.png,50.0,1
ImageFolders/filtered_images/img04701.png,85.0,1
ImageFolders/filtered_images/img04702.png,85.0,1
ImageFolders/filtered_images/img04707.png,49.0,1
ImageFolders/filtered_images/img04708.png,49.0,1
ImageFolders/filtered_images/img04717.png,78.0,1
ImageFolders/filtered_images/img04718.png,78.0,1
ImageFolders/filtered_images/img04719.png,65.0,1
ImageFolders/filtered_images/img04720.png,65.0,1
ImageFolders/filtered_images/img04727.png,77.0,1
ImageFolders/filtered_images/img04728.png,77.0,1
ImageFolders/filtered_images/img04729.png,44.0,2
ImageFolders/filtered_images/img04730.png,44.0,2
ImageFolders/filtered_images/img04739.png,64.0,1
ImageFolders/filtered_images/img04740.png,64.0,1
ImageFolders/filtered_images/img04749.png,36.0,1
ImageFolders/filtered_images/img04750.png,36.0,1
ImageFolders/filtered_images/img04751.png,47.0,1
ImageFolders/filtered_images/img04752.png,47.0,1
ImageFolders/filtered_images/img04757.png,53.0,2
ImageFolders/filtered_images/img04758.png,53.0,2
ImageFolders/filtered_images/img04761.png,46.0,2
ImageFolders/filtered_images/img04762.png,46.0,2
ImageFolders/filtered_images/img04769.png,83.0,2
ImageFolders/filtered_images/img04770.png,83.0,2
ImageFolders/filtered_images/img04773.png,77.0,2
ImageFolders/filtered_images/img04774.png,77.0,2
ImageFolders/filtered_images/img04776.png,59.0,2
ImageFolders/filtered_images/img04785.png,71.0,2
ImageFolders/filtered_images/img04786.png,71.0,2
ImageFolders/filtered_images/img04787.png,59.0,2
ImageFolders/filtered_images/img04788.png,59.0,2
ImageFolders/filtered_images/img04789.png,53.0,2
ImageFolders/filtered_images/img04790.png,53.0,2
ImageFolders/filtered_images/img04792.png,74.0,2
ImageFolders/filtered_images/img04793.png,61.0,2
ImageFolders/filtered_images/img04794.png,61.0,2
ImageFolders/filtered_images/img04797.png,61.0,2
ImageFolders/filtered_images/img04798.png,61.0,2
ImageFolders/filtered_images/img04807.png,46.0,2
ImageFolders/filtered_images/img04808.png,46.0,2
ImageFolders/filtered_images/img04809.png,73.0,2
ImageFolders/filtered_images/img04810.png,73.0,2
ImageFolders/filtered_images/img04811.png,70.0,2
ImageFolders/filtered_images/img04812.png,70.0,2
ImageFolders/filtered_images/img04813.png,66.0,2
ImageFolders/filtered_images/img04814.png,66.0,2
ImageFolders/filtered_images/img04815.png,66.0,2
ImageFolders/filtered_images/img04816.png,66.0,2
ImageFolders/filtered_images/img04819.png,41.0,2
ImageFolders/filtered_images/img04820.png,41.0,2
ImageFolders/filtered_images/img04825.png,43.0,1
ImageFolders/filtered_images/img04826.png,43.0,1
ImageFolders/filtered_images/img04831.png,36.0,2
ImageFolders/filtered_images/img04832.png,36.0,2
ImageFolders/filtered_images/img04833.png,60.0,2
ImageFolders/filtered_images/img04834.png,60.0,2
ImageFolders/filtered_images/img04835.png,81.0,2
ImageFolders/filtered_images/img04845.png,50.0,1
ImageFolders/filtered_images/img04846.png,50.0,1
ImageFolders/filtered_images/img04849.png,66.0,1
ImageFolders/filtered_images/img04850.png,66.0,1
ImageFolders/filtered_images/img04851.png,65.0,2
ImageFolders/filtered_images/img04852.png,65.0,2
ImageFolders/filtered_images/img04857.png,56.0,1
ImageFolders/filtered_images/img04862.png,57.0,2
ImageFolders/filtered_images/img04863.png,57.0,2
ImageFolders/filtered_images/img04864.png,64.0,2
ImageFolders/filtered_images/img04865.png,64.0,2
ImageFolders/filtered_images/img04866.png,49.0,2
ImageFolders/filtered_images/img04867.png,49.0,2
ImageFolders/filtered_images/img04869.png,51.0,2
ImageFolders/filtered_images/img04876.png,47.0,2
ImageFolders/filtered_images/img04877.png,47.0,2
ImageFolders/filtered_images/img04878.png,48.0,2
ImageFolders/filtered_images/img04879.png,48.0,2
ImageFolders/filtered_images/img04880.png,69.0,2
ImageFolders/filtered_images/img04881.png,69.0,2
ImageFolders/filtered_images/img04886.png,41.0,2
ImageFolders/filtered_images/img04887.png,41.0,2
ImageFolders/filtered_images/img04892.png,39.0,2
ImageFolders/filtered_images/img04893.png,39.0,2
ImageFolders/filtered_images/img04896.png,71.0,2
ImageFolders/filtered_images/img04897.png,71.0,2
ImageFolders/filtered_images/img04902.png,80.0,2
ImageFolders/filtered_images/img04903.png,50.0,2
ImageFolders/filtered_images/img04904.png,50.0,2
ImageFolders/filtered_images/img04907.png,69.0,2
ImageFolders/filtered_images/img04908.png,69.0,2
ImageFolders/filtered_images/img04911.png,58.0,2
ImageFolders/filtered_images/img04912.png,58.0,2
ImageFolders/filtered_images/img04915.png,79.0,2
ImageFolders/filtered_images/img04916.png,79.0,2
ImageFolders/filtered_images/img04917.png,57.0,2
ImageFolders/filtered_images/img04918.png,57.0,2
ImageFolders/filtered_images/img04921.png,71.0,2
ImageFolders/filtered_images/img04922.png,71.0,2
ImageFolders/filtered_images/img04923.png,65.0,2
ImageFolders/filtered_images/img04924.png,65.0,2
ImageFolders/filtered_images/img04925.png,73.0,2
ImageFolders/filtered_images/img04926.png,73.0,2
ImageFolders/filtered_images/img04927.png,60.0,2
ImageFolders/filtered_images/img04928.png,60.0,2
ImageFolders/filtered_images/img04929.png,68.0,2
ImageFolders/filtered_images/img04930.png,68.0,2
ImageFolders/filtered_images/img04933.png,79.0,2
ImageFolders/filtered_images/img04934.png,79.0,2
ImageFolders/filtered_images/img04935.png,49.0,2
ImageFolders/filtered_images/img04936.png,49.0,2
ImageFolders/filtered_images/img04940.png,77.0,2
ImageFolders/filtered_images/img04941.png,82.0,2
ImageFolders/filtered_images/img04942.png,82.0,2
ImageFolders/filtered_images/img04943.png,85.0,2
ImageFolders/filtered_images/img04944.png,89.0,1
ImageFolders/filtered_images/img04945.png,89.0,1
ImageFolders/filtered_images/img04946.png,54.0,1
ImageFolders/filtered_images/img04947.png,54.0,1
ImageFolders/filtered_images/img04950.png,52.0,2
ImageFolders/filtered_images/img04951.png,62.0,2
ImageFolders/filtered_images/img04955.png,88.0,2
ImageFolders/filtered_images/img04956.png,88.0,2
ImageFolders/filtered_images/img04965.png,95.0,2
ImageFolders/filtered_images/img04966.png,95.0,2
ImageFolders/filtered_images/img04967.png,82.0,1
ImageFolders/filtered_images/img04969.png,67.0,1
ImageFolders/filtered_images/img04970.png,67.0,1
ImageFolders/filtered_images/img04971.png,74.0,2
ImageFolders/filtered_images/img04972.png,74.0,2
ImageFolders/filtered_images/img04973.png,68.0,2
ImageFolders/filtered_images/img04974.png,68.0,2
ImageFolders/filtered_images/img04975.png,71.0,2
ImageFolders/filtered_images/img04976.png,71.0,2
ImageFolders/filtered_images/img04977.png,80.0,2
ImageFolders/filtered_images/img04978.png,80.0,2
ImageFolders/filtered_images/img04982.png,59.0,2
ImageFolders/filtered_images/img04983.png,71.0,2
ImageFolders/filtered_images/img04984.png,71.0,2
ImageFolders/filtered_images/img04989.png,76.0,1
ImageFolders/filtered_images/img04990.png,76.0,2
ImageFolders/filtered_images/img04991.png,54.0,2
ImageFolders/filtered_images/img04992.png,54.0,2
ImageFolders/filtered_images/img04993.png,73.0,2
ImageFolders/filtered_images/img04995.png,77.0,2
ImageFolders/filtered_images/img04996.png,77.0,2
ImageFolders/filtered_images/img04997.png,69.0,2
ImageFolders/filtered_images/img04998.png,69.0,2
ImageFolders/filtered_images/img04999.png,66.0,2
ImageFolders/filtered_images/img05000.png,66.0,2
ImageFolders/filtered_images/img05001.png,56.0,2
ImageFolders/filtered_images/img05002.png,33.0,1
ImageFolders/filtered_images/img05003.png,33.0,1
ImageFolders/filtered_images/img05004.png,35.0,2
ImageFolders/filtered_images/img05005.png,35.0,2
ImageFolders/filtered_images/img05007.png,49.0,2
ImageFolders/filtered_images/img05008.png,49.0,2
ImageFolders/filtered_images/img05009.png,49.0,2
ImageFolders/filtered_images/img05012.png,39.0,2
ImageFolders/filtered_images/img05013.png,39.0,2
ImageFolders/filtered_images/img05018.png,44.0,2
ImageFolders/filtered_images/img05019.png,44.0,2
ImageFolders/filtered_images/img05022.png,46.0,2
ImageFolders/filtered_images/img05023.png,46.0,2
ImageFolders/filtered_images/img05024.png,46.0,2
ImageFolders/filtered_images/img05025.png,48.0,2
ImageFolders/filtered_images/img05026.png,48.0,2
ImageFolders/filtered_images/img05027.png,45.0,2
ImageFolders/filtered_images/img05031.png,38.0,1
ImageFolders/filtered_images/img05032.png,38.0,1
ImageFolders/filtered_images/img05033.png,45.0,1
ImageFolders/filtered_images/img05034.png,45.0,1
ImageFolders/filtered_images/img05043.png,66.0,2
ImageFolders/filtered_images/img05044.png,66.0,2
ImageFolders/filtered_images/img05046.png,49.0,2
ImageFolders/filtered_images/img05057.png,59.0,2
ImageFolders/filtered_images/img05058.png,59.0,2
ImageFolders/filtered_images/img05059.png,70.0,1
ImageFolders/filtered_images/img05060.png,70.0,1
ImageFolders/filtered_images/img05063.png,64.0,2
ImageFolders/filtered_images/img05064.png,64.0,2
ImageFolders/filtered_images/img05065.png,49.0,2
ImageFolders/filtered_images/img05066.png,49.0,2
ImageFolders/filtered_images/img05068.png,67.0,2
ImageFolders/filtered_images/img05071.png,33.0,2
ImageFolders/filtered_images/img05072.png,33.0,2
ImageFolders/filtered_images/img05073.png,34.0,2
ImageFolders/filtered_images/img05074.png,34.0,2
ImageFolders/filtered_images/img05075.png,26.0,2
ImageFolders/filtered_images/img05076.png,26.0,2
ImageFolders/filtered_images/img05077.png,27.0,2
ImageFolders/filtered_images/img05078.png,27.0,2
ImageFolders/filtered_images/img05079.png,32.0,2
ImageFolders/filtered_images/img05086.png,34.0,2
ImageFolders/filtered_images/img05087.png,34.0,2
ImageFolders/filtered_images/img05088.png,73.0,2
ImageFolders/filtered_images/img05089.png,73.0,2
ImageFolders/filtered_images/img05090.png,72.0,1
ImageFolders/filtered_images/img05091.png,72.0,1
ImageFolders/filtered_images/img05092.png,64.0,2
ImageFolders/filtered_images/img05093.png,64.0,2
ImageFolders/filtered_images/img05094.png,54.0,2
ImageFolders/filtered_images/img05095.png,54.0,2
ImageFolders/filtered_images/img05096.png,60.0,2
ImageFolders/filtered_images/img05097.png,60.0,2
ImageFolders/filtered_images/img05098.png,85.0,2
ImageFolders/filtered_images/img05104.png,70.0,2
ImageFolders/filtered_images/img05105.png,70.0,2
ImageFolders/filtered_images/img05106.png,59.0,2
ImageFolders/filtered_images/img05107.png,59.0,2
ImageFolders/filtered_images/img05108.png,62.0,2
ImageFolders/filtered_images/img05109.png,62.0,2
ImageFolders/filtered_images/img05110.png,60.0,2
ImageFolders/filtered_images/img05111.png,49.0,2
ImageFolders/filtered_images/img05112.png,49.0,2
ImageFolders/filtered_images/img05113.png,71.0,1
ImageFolders/filtered_images/img05114.png,71.0,1
ImageFolders/filtered_images/img05117.png,34.0,1
ImageFolders/filtered_images/img05118.png,34.0,1
ImageFolders/filtered_images/img05119.png,73.0,1
ImageFolders/filtered_images/img05120.png,73.0,1
ImageFolders/filtered_images/img05121.png,59.0,1
ImageFolders/filtered_images/img05123.png,72.0,1
ImageFolders/filtered_images/img05128.png,10.0,1
ImageFolders/filtered_images/img05129.png,10.0,1
ImageFolders/filtered_images/img05134.png,79.0,1
ImageFolders/filtered_images/img05138.png,43.0,1
ImageFolders/filtered_images/img05141.png,57.0,1
ImageFolders/filtered_images/img05142.png,57.0,1
ImageFolders/filtered_images/img05145.png,23.0,2
ImageFolders/filtered_images/img05146.png,23.0,2
ImageFolders/filtered_images/img05147.png,38.0,2
ImageFolders/filtered_images/img05148.png,38.0,2
ImageFolders/filtered_images/img05149.png,41.0,2
ImageFolders/filtered_images/img05151.png,44.0,2
ImageFolders/filtered_images/img05152.png,44.0,2
ImageFolders/filtered_images/img05155.png,40.0,2
ImageFolders/filtered_images/img05156.png,40.0,2
ImageFolders/filtered_images/img05157.png,44.0,2
ImageFolders/filtered_images/img05158.png,44.0,2
ImageFolders/filtered_images/img05161.png,32.0,2
ImageFolders/filtered_images/img05162.png,32.0,2
ImageFolders/filtered_images/img05163.png,36.0,2
ImageFolders/filtered_images/img05164.png,36.0,2
ImageFolders/filtered_images/img05165.png,36.0,2
ImageFolders/filtered_images/img05166.png,36.0,2
ImageFolders/filtered_images/img05173.png,31.0,2
ImageFolders/filtered_images/img05177.png,28.0,1
ImageFolders/filtered_images/img05178.png,21.0,2
ImageFolders/filtered_images/img05179.png,21.0,2
ImageFolders/filtered_images/img05180.png,37.0,2
ImageFolders/filtered_images/img05181.png,37.0,2
ImageFolders/filtered_images/img05184.png,32.0,1
ImageFolders/filtered_images/img05185.png,32.0,1
ImageFolders/filtered_images/img05194.png,74.0,1
ImageFolders/filtered_images/img05196.png,74.0,1
ImageFolders/filtered_images/img05197.png,74.0,1
ImageFolders/filtered_images/img05200.png,77.0,2
ImageFolders/filtered_images/img05201.png,77.0,2
ImageFolders/filtered_images/img05205.png,65.0,2
ImageFolders/filtered_images/img05206.png,63.0,2
ImageFolders/filtered_images/img05207.png,63.0,2
ImageFolders/filtered_images/img05212.png,59.0,1
ImageFolders/filtered_images/img05214.png,84.0,1
ImageFolders/filtered_images/img05215.png,84.0,1
ImageFolders/filtered_images/img05216.png,86.0,1
ImageFolders/filtered_images/img05217.png,86.0,1
ImageFolders/filtered_images/img05220.png,76.0,1
ImageFolders/filtered_images/img05221.png,76.0,1
ImageFolders/filtered_images/img05222.png,31.0,2
ImageFolders/filtered_images/img05223.png,31.0,2
ImageFolders/filtered_images/img05224.png,34.0,2
ImageFolders/filtered_images/img05225.png,34.0,2
ImageFolders/filtered_images/img05228.png,26.0,2
ImageFolders/filtered_images/img05233.png,48.0,2
ImageFolders/filtered_images/img05234.png,48.0,2
ImageFolders/filtered_images/img05239.png,44.0,2
ImageFolders/filtered_images/img05240.png,44.0,2
ImageFolders/filtered_images/img05245.png,84.0,1
ImageFolders/filtered_images/img05246.png,84.0,1
ImageFolders/filtered_images/img05247.png,53.0,2
ImageFolders/filtered_images/img05248.png,53.0,2
ImageFolders/filtered_images/img05251.png,58.0,2
ImageFolders/filtered_images/img05252.png,58.0,2
ImageFolders/filtered_images/img05253.png,68.0,2
ImageFolders/filtered_images/img05254.png,68.0,2
ImageFolders/filtered_images/img05255.png,48.0,2
ImageFolders/filtered_images/img05256.png,48.0,2
ImageFolders/filtered_images/img05257.png,48.0,2
ImageFolders/filtered_images/img05258.png,48.0,2
ImageFolders/filtered_images/img05259.png,34.0,2
ImageFolders/filtered_images/img05260.png,34.0,2
ImageFolders/filtered_images/img05261.png,82.0,2
ImageFolders/filtered_images/img05262.png,82.0,2
ImageFolders/filtered_images/img05263.png,64.0,1
ImageFolders/filtered_images/img05264.png,64.0,1
ImageFolders/filtered_images/img05265.png,87.0,2
ImageFolders/filtered_images/img05266.png,87.0,2
ImageFolders/filtered_images/img05269.png,69.0,2
ImageFolders/filtered_images/img05270.png,69.0,2
ImageFolders/filtered_images/img05275.png,52.0,2
ImageFolders/filtered_images/img05276.png,52.0,2
ImageFolders/filtered_images/img05277.png,77.0,2
ImageFolders/filtered_images/img05278.png,77.0,2
ImageFolders/filtered_images/img05279.png,39.0,2
ImageFolders/filtered_images/img05280.png,39.0,2
ImageFolders/filtered_images/img05282.png,68.0,2
ImageFolders/filtered_images/img05283.png,61.0,1
ImageFolders/filtered_images/img05284.png,61.0,1
ImageFolders/filtered_images/img05291.png,49.0,2
ImageFolders/filtered_images/img05292.png,49.0,2
ImageFolders/filtered_images/img05301.png,51.0,2
ImageFolders/filtered_images/img05302.png,51.0,2
ImageFolders/filtered_images/img05307.png,58.0,2
ImageFolders/filtered_images/img05308.png,58.0,2
ImageFolders/filtered_images/img05309.png,59.0,2
ImageFolders/filtered_images/img05310.png,59.0,2
ImageFolders/filtered_images/img05315.png,29.0,1
ImageFolders/filtered_images/img05316.png,29.0,1
ImageFolders/filtered_images/img05321.png,71.0,2
ImageFolders/filtered_images/img05323.png,81.0,2
ImageFolders/filtered_images/img05326.png,68.0,2
ImageFolders/filtered_images/img05327.png,68.0,2
ImageFolders/filtered_images/img05328.png,53.0,2
ImageFolders/filtered_images/img05329.png,53.0,2
ImageFolders/filtered_images/img05330.png,73.0,2
ImageFolders/filtered_images/img05331.png,73.0,2
ImageFolders/filtered_images/img05332.png,51.0,1
ImageFolders/filtered_images/img05333.png,51.0,1
ImageFolders/filtered_images/img05335.png,51.0,2
ImageFolders/filtered_images/img05340.png,60.0,2
ImageFolders/filtered_images/img05341.png,60.0,2
ImageFolders/filtered_images/img05346.png,60.0,2
ImageFolders/filtered_images/img05347.png,60.0,2
ImageFolders/filtered_images/img05348.png,69.0,2
ImageFolders/filtered_images/img05349.png,69.0,2
ImageFolders/filtered_images/img05350.png,27.0,2
ImageFolders/filtered_images/img05351.png,27.0,2
ImageFolders/filtered_images/img05352.png,15.0,2
ImageFolders/filtered_images/img05353.png,15.0,2
ImageFolders/filtered_images/img05354.png,60.0,2
ImageFolders/filtered_images/img05355.png,60.0,2
ImageFolders/filtered_images/img05356.png,36.0,2
ImageFolders/filtered_images/img05357.png,36.0,2
ImageFolders/filtered_images/img05360.png,31.0,1
ImageFolders/filtered_images/img05361.png,31.0,1
ImageFolders/filtered_images/img05362.png,28.0,1
ImageFolders/filtered_images/img05363.png,28.0,1
ImageFolders/filtered_images/img05364.png,30.0,1
ImageFolders/filtered_images/img05365.png,30.0,1
ImageFolders/filtered_images/img05366.png,30.0,1
ImageFolders/filtered_images/img05367.png,30.0,1
ImageFolders/filtered_images/img05368.png,77.0,1
ImageFolders/filtered_images/img05370.png,71.0,2
ImageFolders/filtered_images/img05371.png,71.0,2
ImageFolders/filtered_images/img05374.png,52.0,2
ImageFolders/filtered_images/img05375.png,52.0,2
ImageFolders/filtered_images/img05378.png,66.0,2
ImageFolders/filtered_images/img05379.png,66.0,2
ImageFolders/filtered_images/img05380.png,40.0,1
ImageFolders/filtered_images/img05381.png,40.0,1
ImageFolders/filtered_images/img05382.png,88.0,2
ImageFolders/filtered_images/img05383.png,88.0,2
ImageFolders/filtered_images/img05386.png,66.0,2
ImageFolders/filtered_images/img05387.png,66.0,2
ImageFolders/filtered_images/img05390.png,86.0,2
ImageFolders/filtered_images/img05391.png,86.0,2
ImageFolders/filtered_images/img05392.png,90.0,1
ImageFolders/filtered_images/img05393.png,90.0,1
ImageFolders/filtered_images/img05396.png,78.0,2
ImageFolders/filtered_images/img05404.png,78.0,1
ImageFolders/filtered_images/img05405.png,74.0,2
ImageFolders/filtered_images/img05406.png,74.0,2
ImageFolders/filtered_images/img05409.png,68.0,1
ImageFolders/filtered_images/img05410.png,68.0,1
ImageFolders/filtered_images/img05411.png,59.0,2
ImageFolders/filtered_images/img05412.png,59.0,2
ImageFolders/filtered_images/img05413.png,61.0,2
ImageFolders/filtered_images/img05414.png,61.0,2
ImageFolders/filtered_images/img05417.png,66.0,2
ImageFolders/filtered_images/img05418.png,66.0,2
ImageFolders/filtered_images/img05419.png,80.0,2
ImageFolders/filtered_images/img05420.png,80.0,2
ImageFolders/filtered_images/img05421.png,68.0,2
ImageFolders/filtered_images/img05422.png,68.0,2
ImageFolders/filtered_images/img05423.png,70.0,2
ImageFolders/filtered_images/img05424.png,70.0,2
ImageFolders/filtered_images/img05425.png,79.0,2
ImageFolders/filtered_images/img05426.png,79.0,2
ImageFolders/filtered_images/img05427.png,74.0,2
ImageFolders/filtered_images/img05428.png,74.0,2
ImageFolders/filtered_images/img05429.png,70.0,2
ImageFolders/filtered_images/img05430.png,70.0,2
ImageFolders/filtered_images/img05431.png,82.0,2
ImageFolders/filtered_images/img05433.png,81.0,2
ImageFolders/filtered_images/img05434.png,81.0,2
ImageFolders/filtered_images/img05435.png,70.0,2
ImageFolders/filtered_images/img05436.png,70.0,2
ImageFolders/filtered_images/img05441.png,69.0,1
ImageFolders/filtered_images/img05442.png,69.0,1
ImageFolders/filtered_images/img05443.png,72.0,1
ImageFolders/filtered_images/img05447.png,72.0,1
ImageFolders/filtered_images/img05452.png,73.0,2
ImageFolders/filtered_images/img05453.png,73.0,2
ImageFolders/filtered_images/img05459.png,83.0,2
ImageFolders/filtered_images/img05463.png,62.0,2
ImageFolders/filtered_images/img05469.png,70.0,1
ImageFolders/filtered_images/img05470.png,70.0,1
ImageFolders/filtered_images/img05471.png,46.0,1
ImageFolders/filtered_images/img05472.png,46.0,1
ImageFolders/filtered_images/img05473.png,82.0,2
ImageFolders/filtered_images/img05479.png,80.0,1
ImageFolders/filtered_images/img05480.png,80.0,1
ImageFolders/filtered_images/img05484.png,49.0,1
ImageFolders/filtered_images/img05485.png,49.0,1
ImageFolders/filtered_images/img05486.png,67.0,2
ImageFolders/filtered_images/img05487.png,67.0,2
ImageFolders/filtered_images/img05490.png,46.0,1
ImageFolders/filtered_images/img05491.png,46.0,1
ImageFolders/filtered_images/img05492.png,69.0,2
ImageFolders/filtered_images/img05493.png,69.0,2
ImageFolders/filtered_images/img05494.png,75.0,2
ImageFolders/filtered_images/img05495.png,75.0,2
ImageFolders/filtered_images/img05498.png,61.0,2
ImageFolders/filtered_images/img05500.png,56.0,2
ImageFolders/filtered_images/img05501.png,56.0,2
ImageFolders/filtered_images/img05502.png,38.0,2
ImageFolders/filtered_images/img05503.png,38.0,2
ImageFolders/filtered_images/img05506.png,69.0,2
ImageFolders/filtered_images/img05507.png,69.0,2
ImageFolders/filtered_images/img05508.png,79.0,2
ImageFolders/filtered_images/img05509.png,79.0,2
ImageFolders/filtered_images/img05512.png,58.0,1
ImageFolders/filtered_images/img05513.png,58.0,1
ImageFolders/filtered_images/img05514.png,69.0,1
ImageFolders/filtered_images/img05516.png,62.0,1
ImageFolders/filtered_images/img05524.png,62.0,1
ImageFolders/filtered_images/img05526.png,77.0,1
ImageFolders/filtered_images/img05528.png,71.0,2
ImageFolders/filtered_images/img05529.png,71.0,2
ImageFolders/filtered_images/img05532.png,70.0,1
ImageFolders/filtered_images/img05533.png,70.0,1
ImageFolders/filtered_images/img05538.png,54.0,1
ImageFolders/filtered_images/img05539.png,54.0,1
ImageFolders/filtered_images/img05540.png,34.0,1
ImageFolders/filtered_images/img05541.png,34.0,1
ImageFolders/filtered_images/img05542.png,61.0,1
ImageFolders/filtered_images/img05543.png,61.0,1
ImageFolders/filtered_images/img05550.png,33.0,1
ImageFolders/filtered_images/img05551.png,33.0,1
ImageFolders/filtered_images/img05554.png,42.0,1
ImageFolders/filtered_images/img05555.png,42.0,1
ImageFolders/filtered_images/img05556.png,73.0,1
ImageFolders/filtered_images/img05557.png,73.0,1
ImageFolders/filtered_images/img05558.png,49.0,1
ImageFolders/filtered_images/img05559.png,49.0,1
ImageFolders/filtered_images/img05564.png,79.0,2
ImageFolders/filtered_images/img05565.png,79.0,2
ImageFolders/filtered_images/img05566.png,77.0,2
ImageFolders/filtered_images/img05567.png,77.0,2
ImageFolders/filtered_images/img05568.png,69.0,2
ImageFolders/filtered_images/img05569.png,69.0,2
ImageFolders/filtered_images/img05574.png,80.0,2
ImageFolders/filtered_images/img05575.png,70.0,2
ImageFolders/filtered_images/img05576.png,70.0,2
ImageFolders/filtered_images/img05577.png,82.0,2
ImageFolders/filtered_images/img05578.png,82.0,2
ImageFolders/filtered_images/img05581.png,69.0,2
ImageFolders/filtered_images/img05582.png,69.0,2
ImageFolders/filtered_images/img05583.png,49.0,2
ImageFolders/filtered_images/img05584.png,49.0,2
ImageFolders/filtered_images/img05588.png,73.0,2
ImageFolders/filtered_images/img05589.png,74.0,2
ImageFolders/filtered_images/img05590.png,74.0,2
ImageFolders/filtered_images/img05591.png,56.0,1
ImageFolders/filtered_images/img05592.png,56.0,1
ImageFolders/filtered_images/img05595.png,88.0,2
ImageFolders/filtered_images/img05596.png,88.0,2
ImageFolders/filtered_images/img05597.png,75.0,2
ImageFolders/filtered_images/img05598.png,75.0,2
ImageFolders/filtered_images/img05599.png,80.0,2
ImageFolders/filtered_images/img05600.png,80.0,2
ImageFolders/filtered_images/img05601.png,65.0,2
ImageFolders/filtered_images/img05602.png,65.0,2
ImageFolders/filtered_images/img05605.png,79.0,1
ImageFolders/filtered_images/img05606.png,79.0,1
ImageFolders/filtered_images/img05607.png,70.0,1
ImageFolders/filtered_images/img05608.png,70.0,1
ImageFolders/filtered_images/img05609.png,64.0,2
ImageFolders/filtered_images/img05610.png,64.0,2
ImageFolders/filtered_images/img05613.png,77.0,2
ImageFolders/filtered_images/img05614.png,77.0,2
ImageFolders/filtered_images/img05615.png,62.0,2
ImageFolders/filtered_images/img05616.png,62.0,2
ImageFolders/filtered_images/img05617.png,52.0,1
ImageFolders/filtered_images/img05618.png,52.0,1
ImageFolders/filtered_images/img05619.png,85.0,2
ImageFolders/filtered_images/img05620.png,85.0,2
ImageFolders/filtered_images/img05621.png,66.0,2
ImageFolders/filtered_images/img05622.png,66.0,2
ImageFolders/filtered_images/img05626.png,77.0,2
ImageFolders/filtered_images/img05627.png,77.0,2
ImageFolders/filtered_images/img05628.png,47.0,1
ImageFolders/filtered_images/img05629.png,47.0,1
ImageFolders/filtered_images/img05630.png,50.0,1
ImageFolders/filtered_images/img05631.png,50.0,1
ImageFolders/filtered_images/img05632.png,78.0,1
ImageFolders/filtered_images/img05633.png,78.0,1
ImageFolders/filtered_images/img05634.png,55.0,1
ImageFolders/filtered_images/img05635.png,55.0,1
ImageFolders/filtered_images/img05638.png,55.0,1
ImageFolders/filtered_images/img05639.png,55.0,1
ImageFolders/filtered_images/img05640.png,27.0,1
ImageFolders/filtered_images/img05641.png,27.0,1
ImageFolders/filtered_images/img05642.png,39.0,1
ImageFolders/filtered_images/img05643.png,39.0,1
ImageFolders/filtered_images/img05644.png,42.0,2
ImageFolders/filtered_images/img05645.png,42.0,2
ImageFolders/filtered_images/img05647.png,66.0,2
ImageFolders/filtered_images/img05648.png,70.0,2
ImageFolders/filtered_images/img05649.png,70.0,2
ImageFolders/filtered_images/img05652.png,45.0,2
ImageFolders/filtered_images/img05653.png,45.0,2
ImageFolders/filtered_images/img05655.png,58.0,2
ImageFolders/filtered_images/img05662.png,44.0,2
ImageFolders/filtered_images/img05663.png,44.0,2
ImageFolders/filtered_images/img05666.png,43.0,2
ImageFolders/filtered_images/img05667.png,43.0,2
ImageFolders/filtered_images/img05668.png,68.0,2
ImageFolders/filtered_images/img05669.png,68.0,2
ImageFolders/filtered_images/img05670.png,46.0,2
ImageFolders/filtered_images/img05671.png,46.0,2
ImageFolders/filtered_images/img05672.png,46.0,2
ImageFolders/filtered_images/img05673.png,46.0,2
ImageFolders/filtered_images/img05676.png,62.0,2
ImageFolders/filtered_images/img05677.png,62.0,2
ImageFolders/filtered_images/img05678.png,52.0,1
ImageFolders/filtered_images/img05679.png,54.0,1
ImageFolders/filtered_images/img05680.png,54.0,1
ImageFolders/filtered_images/img05681.png,68.0,2
ImageFolders/filtered_images/img05682.png,68.0,2
ImageFolders/filtered_images/img05683.png,72.0,2
ImageFolders/filtered_images/img05684.png,72.0,2
ImageFolders/filtered_images/img05685.png,50.0,2
ImageFolders/filtered_images/img05686.png,70.0,2
ImageFolders/filtered_images/img05687.png,70.0,2
ImageFolders/filtered_images/img05691.png,49.0,2
ImageFolders/filtered_images/img05693.png,56.0,2
ImageFolders/filtered_images/img05694.png,56.0,2
ImageFolders/filtered_images/img05695.png,42.0,2
ImageFolders/filtered_images/img05696.png,42.0,2
ImageFolders/filtered_images/img05699.png,66.0,1
ImageFolders/filtered_images/img05700.png,66.0,1
ImageFolders/filtered_images/img05701.png,42.0,2
ImageFolders/filtered_images/img05702.png,42.0,2
ImageFolders/filtered_images/img05703.png,41.0,2
ImageFolders/filtered_images/img05704.png,41.0,2
ImageFolders/filtered_images/img05711.png,27.0,1
ImageFolders/filtered_images/img05712.png,27.0,1
ImageFolders/filtered_images/img05713.png,73.0,1
ImageFolders/filtered_images/img05714.png,73.0,1
ImageFolders/filtered_images/img05719.png,75.0,1
ImageFolders/filtered_images/img05720.png,75.0,1
ImageFolders/filtered_images/img05721.png,72.0,1
ImageFolders/filtered_images/img05722.png,72.0,1
ImageFolders/filtered_images/img05723.png,65.0,1
ImageFolders/filtered_images/img05724.png,65.0,1
ImageFolders/filtered_images/img05727.png,79.0,2
ImageFolders/filtered_images/img05728.png,79.0,2
ImageFolders/filtered_images/img05730.png,61.0,2
ImageFolders/filtered_images/img05734.png,73.0,2
ImageFolders/filtered_images/img05737.png,83.0,2
ImageFolders/filtered_images/img05738.png,83.0,2
ImageFolders/filtered_images/img05739.png,72.0,2
ImageFolders/filtered_images/img05740.png,72.0,2
ImageFolders/filtered_images/img05741.png,85.0,2
ImageFolders/filtered_images/img05742.png,85.0,2
ImageFolders/filtered_images/img05749.png,48.0,1
ImageFolders/filtered_images/img05750.png,48.0,1
ImageFolders/filtered_images/img05751.png,58.0,1
ImageFolders/filtered_images/img05752.png,58.0,1
ImageFolders/filtered_images/img05755.png,52.0,2
ImageFolders/filtered_images/img05756.png,52.0,2
ImageFolders/filtered_images/img05761.png,60.0,1
ImageFolders/filtered_images/img05762.png,60.0,1
ImageFolders/filtered_images/img05763.png,72.0,1
ImageFolders/filtered_images/img05764.png,72.0,1
ImageFolders/filtered_images/img05765.png,44.0,1
ImageFolders/filtered_images/img05766.png,44.0,1
ImageFolders/filtered_images/img05767.png,54.0,1
ImageFolders/filtered_images/img05768.png,54.0,1
ImageFolders/filtered_images/img05773.png,65.0,2
ImageFolders/filtered_images/img05774.png,65.0,2
ImageFolders/filtered_images/img05775.png,47.0,2
ImageFolders/filtered_images/img05776.png,47.0,2
ImageFolders/filtered_images/img05777.png,65.0,2
ImageFolders/filtered_images/img05800.png,53.0,2
ImageFolders/filtered_images/img05801.png,53.0,2
ImageFolders/filtered_images/img05806.png,54.0,2
ImageFolders/filtered_images/img05807.png,54.0,2
ImageFolders/filtered_images/img05809.png,86.0,2
ImageFolders/filtered_images/img05820.png,80.0,2
ImageFolders/filtered_images/img05821.png,80.0,2
ImageFolders/filtered_images/img05822.png,58.0,2
ImageFolders/filtered_images/img05823.png,58.0,2
ImageFolders/filtered_images/img05824.png,63.0,2
ImageFolders/filtered_images/img05825.png,63.0,2
ImageFolders/filtered_images/img05826.png,48.0,2
ImageFolders/filtered_images/img05827.png,48.0,2
ImageFolders/filtered_images/img05830.png,51.0,2
ImageFolders/filtered_images/img05831.png,51.0,2
ImageFolders/filtered_images/img05834.png,72.0,2
ImageFolders/filtered_images/img05835.png,72.0,2
ImageFolders/filtered_images/img05841.png,36.0,2
ImageFolders/filtered_images/img05842.png,57.0,2
ImageFolders/filtered_images/img05843.png,57.0,2
ImageFolders/filtered_images/img05848.png,56.0,1
ImageFolders/filtered_images/img05849.png,40.0,1
ImageFolders/filtered_images/img05850.png,40.0,1
ImageFolders/filtered_images/img05857.png,48.0,2
ImageFolders/filtered_images/img05858.png,48.0,2
ImageFolders/filtered_images/img05859.png,67.0,2
ImageFolders/filtered_images/img05860.png,67.0,2
ImageFolders/filtered_images/img05867.png,26.0,1
ImageFolders/filtered_images/img05868.png,26.0,1
ImageFolders/filtered_images/img05875.png,62.0,1
ImageFolders/filtered_images/img05876.png,62.0,1
ImageFolders/filtered_images/img05901.png,51.0,1
ImageFolders/filtered_images/img05902.png,51.0,1
ImageFolders/filtered_images/img05903.png,57.0,1
ImageFolders/filtered_images/img05904.png,57.0,1
ImageFolders/filtered_images/img05909.png,67.0,1
ImageFolders/filtered_images/img05912.png,33.0,1
ImageFolders/filtered_images/img05914.png,60.0,1
ImageFolders/filtered_images/img05915.png,60.0,1
ImageFolders/filtered_images/img05916.png,43.0,1
ImageFolders/filtered_images/img05917.png,43.0,1
ImageFolders/filtered_images/img05918.png,60.0,1
ImageFolders/filtered_images/img05919.png,60.0,1
ImageFolders/filtered_images/img05922.png,58.0,1
ImageFolders/filtered_images/img05923.png,58.0,1
ImageFolders/filtered_images/img05942.png,52.0,1
ImageFolders/filtered_images/img05943.png,52.0,1
ImageFolders/filtered_images/img05944.png,46.0,1
ImageFolders/filtered_images/img05951.png,55.0,1
ImageFolders/filtered_images/img05952.png,55.0,1
ImageFolders/filtered_images/img05957.png,53.0,1
ImageFolders/filtered_images/img05958.png,53.0,1
ImageFolders/filtered_images/img05961.png,55.0,1
ImageFolders/filtered_images/img05962.png,55.0,1
ImageFolders/filtered_images/img05965.png,51.0,1
ImageFolders/filtered_images/img05966.png,51.0,1
ImageFolders/filtered_images/img05973.png,41.0,1
ImageFolders/filtered_images/img05974.png,41.0,1
ImageFolders/filtered_images/img05979.png,54.0,1
ImageFolders/filtered_images/img05980.png,54.0,1
ImageFolders/filtered_images/img05984.png,67.0,1
ImageFolders/filtered_images/img05997.png,58.0,1
ImageFolders/filtered_images/img05998.png,58.0,1
ImageFolders/filtered_images/img05999.png,60.0,1
ImageFolders/filtered_images/img06000.png,60.0,1
ImageFolders/filtered_images/img06003.png,44.0,1
ImageFolders/filtered_images/img06004.png,44.0,1
ImageFolders/filtered_images/img06007.png,69.0,1
ImageFolders/filtered_images/img06008.png,69.0,1
ImageFolders/filtered_images/img06011.png,62.0,1
ImageFolders/filtered_images/img06012.png,62.0,1
ImageFolders/filtered_images/img06013.png,62.0,1
ImageFolders/filtered_images/img06015.png,78.0,1
ImageFolders/filtered_images/img06016.png,78.0,1
ImageFolders/filtered_images/img06018.png,72.0,2
ImageFolders/filtered_images/img06019.png,72.0,2
ImageFolders/filtered_images/img06032.png,82.0,1
ImageFolders/filtered_images/img06033.png,82.0,1
ImageFolders/filtered_images/img06038.png,33.0,2
ImageFolders/filtered_images/img06039.png,33.0,2
ImageFolders/filtered_images/img06040.png,74.0,2
ImageFolders/filtered_images/img06041.png,74.0,2
ImageFolders/filtered_images/img06045.png,44.0,2
ImageFolders/filtered_images/img06046.png,44.0,2
ImageFolders/filtered_images/img06048.png,54.0,2
ImageFolders/filtered_images/img06049.png,49.0,2
ImageFolders/filtered_images/img06050.png,49.0,2
ImageFolders/filtered_images/img06051.png,56.0,2
ImageFolders/filtered_images/img06052.png,56.0,2
ImageFolders/filtered_images/img06057.png,56.0,2
ImageFolders/filtered_images/img06058.png,56.0,2
ImageFolders/filtered_images/img06059.png,25.0,2
ImageFolders/filtered_images/img06060.png,25.0,2
ImageFolders/filtered_images/img06061.png,46.0,2
ImageFolders/filtered_images/img06062.png,46.0,2
ImageFolders/filtered_images/img06079.png,71.0,2
ImageFolders/filtered_images/img06080.png,71.0,2
ImageFolders/filtered_images/img06082.png,53.0,1
ImageFolders/filtered_images/img06083.png,53.0,2
ImageFolders/filtered_images/img06084.png,49.0,1
ImageFolders/filtered_images/img06085.png,49.0,1
ImageFolders/filtered_images/img06086.png,69.0,1
ImageFolders/filtered_images/img06090.png,89.0,1
ImageFolders/filtered_images/img06091.png,89.0,1
ImageFolders/filtered_images/img06096.png,48.0,1
ImageFolders/filtered_images/img06097.png,48.0,1
ImageFolders/filtered_images/img06105.png,67.0,2
ImageFolders/filtered_images/img06106.png,67.0,2
ImageFolders/filtered_images/img06107.png,60.0,2
ImageFolders/filtered_images/img06108.png,60.0,2
ImageFolders/filtered_images/img06113.png,46.0,2
ImageFolders/filtered_images/img06114.png,46.0,2
ImageFolders/filtered_images/img06115.png,67.0,2
ImageFolders/filtered_images/img06116.png,67.0,2
ImageFolders/filtered_images/img06118.png,75.0,1
ImageFolders/filtered_images/img06119.png,61.0,2
ImageFolders/filtered_images/img06120.png,61.0,2
ImageFolders/filtered_images/img06129.png,78.0,2
ImageFolders/filtered_images/img06130.png,78.0,2
ImageFolders/filtered_images/img06135.png,63.0,2
ImageFolders/filtered_images/img06136.png,63.0,2
ImageFolders/filtered_images/img06140.png,75.0,2
ImageFolders/filtered_images/img06141.png,75.0,2
ImageFolders/filtered_images/img06142.png,77.0,2
ImageFolders/filtered_images/img06143.png,77.0,2
ImageFolders/filtered_images/img06144.png,34.0,2
ImageFolders/filtered_images/img06145.png,34.0,2
ImageFolders/filtered_images/img06146.png,82.0,2
ImageFolders/filtered_images/img06147.png,82.0,2
ImageFolders/filtered_images/img06153.png,39.0,2
ImageFolders/filtered_images/img06154.png,39.0,2
ImageFolders/filtered_images/img06155.png,59.0,2
ImageFolders/filtered_images/img06156.png,59.0,2
ImageFolders/filtered_images/img06159.png,65.0,2
ImageFolders/filtered_images/img06160.png,65.0,2
ImageFolders/filtered_images/img06169.png,51.0,2
ImageFolders/filtered_images/img06170.png,51.0,2
ImageFolders/filtered_images/img06171.png,45.0,2
ImageFolders/filtered_images/img06172.png,45.0,2
ImageFolders/filtered_images/img06184.png,43.0,2
ImageFolders/filtered_images/img06186.png,60.0,2
ImageFolders/filtered_images/img06187.png,60.0,2
ImageFolders/filtered_images/img06188.png,59.0,2
ImageFolders/filtered_images/img06190.png,31.0,2
ImageFolders/filtered_images/img06191.png,31.0,2
ImageFolders/filtered_images/img06192.png,53.0,2
ImageFolders/filtered_images/img06193.png,53.0,2
ImageFolders/filtered_images/img06206.png,47.0,2
ImageFolders/filtered_images/img06208.png,59.0,2
ImageFolders/filtered_images/img06210.png,42.0,2
ImageFolders/filtered_images/img06211.png,42.0,2
ImageFolders/filtered_images/img06219.png,49.0,2
ImageFolders/filtered_images/img06220.png,49.0,2
ImageFolders/filtered_images/img06221.png,49.0,2
ImageFolders/filtered_images/img06222.png,49.0,2
ImageFolders/filtered_images/img06223.png,52.0,2
ImageFolders/filtered_images/img06224.png,52.0,2
ImageFolders/filtered_images/img06229.png,45.0,2
ImageFolders/filtered_images/img06230.png,45.0,2
ImageFolders/filtered_images/img06231.png,43.0,2
ImageFolders/filtered_images/img06232.png,43.0,2
ImageFolders/filtered_images/img06236.png,40.0,2
ImageFolders/filtered_images/img06237.png,40.0,2
ImageFolders/filtered_images/img06242.png,52.0,2
ImageFolders/filtered_images/img06243.png,52.0,2
ImageFolders/filtered_images/img06246.png,77.0,1
ImageFolders/filtered_images/img06247.png,77.0,1
ImageFolders/filtered_images/img06249.png,65.0,1
ImageFolders/filtered_images/img06258.png,75.0,1
ImageFolders/filtered_images/img06259.png,75.0,1
ImageFolders/filtered_images/img06262.png,30.0,2
ImageFolders/filtered_images/img06263.png,30.0,2
ImageFolders/filtered_images/img06264.png,59.0,2
ImageFolders/filtered_images/img06268.png,35.0,2
ImageFolders/filtered_images/img06269.png,35.0,2
ImageFolders/filtered_images/img06278.png,49.0,2
ImageFolders/filtered_images/img06279.png,49.0,2
ImageFolders/filtered_images/img06290.png,61.0,2
ImageFolders/filtered_images/img06291.png,61.0,2
ImageFolders/filtered_images/img06295.png,25.0,2
ImageFolders/filtered_images/img06296.png,75.0,2
ImageFolders/filtered_images/img06297.png,75.0,2
ImageFolders/filtered_images/img06298.png,57.0,2
ImageFolders/filtered_images/img06302.png,53.0,2
ImageFolders/filtered_images/img06303.png,53.0,2
ImageFolders/filtered_images/img06308.png,51.0,1
ImageFolders/filtered_images/img06309.png,51.0,1
ImageFolders/filtered_images/img06314.png,82.0,1
ImageFolders/filtered_images/img06315.png,82.0,1
ImageFolders/filtered_images/img06318.png,60.0,1
ImageFolders/filtered_images/img06319.png,60.0,1
ImageFolders/filtered_images/img06322.png,65.0,2
ImageFolders/filtered_images/img06323.png,65.0,2
ImageFolders/filtered_images/img06324.png,59.0,2
ImageFolders/filtered_images/img06325.png,59.0,2
ImageFolders/filtered_images/img06326.png,71.0,2
ImageFolders/filtered_images/img06327.png,71.0,2
ImageFolders/filtered_images/img06328.png,27.0,2
ImageFolders/filtered_images/img06329.png,27.0,2
ImageFolders/filtered_images/img06335.png,52.0,2
ImageFolders/filtered_images/img06336.png,52.0,2
ImageFolders/filtered_images/img06339.png,57.0,2
ImageFolders/filtered_images/img06345.png,63.0,2
ImageFolders/filtered_images/img06346.png,63.0,2
ImageFolders/filtered_images/img06347.png,62.0,2
ImageFolders/filtered_images/img06348.png,62.0,2
ImageFolders/filtered_images/img06353.png,63.0,2
ImageFolders/filtered_images/img06354.png,63.0,2
ImageFolders/filtered_images/img06357.png,67.0,2
ImageFolders/filtered_images/img06358.png,67.0,2
ImageFolders/filtered_images/img06359.png,51.0,2
ImageFolders/filtered_images/img06360.png,51.0,2
ImageFolders/filtered_images/img06365.png,69.0,2
ImageFolders/filtered_images/img06366.png,69.0,2
ImageFolders/filtered_images/img06378.png,58.0,2
ImageFolders/filtered_images/img06384.png,43.0,2
ImageFolders/filtered_images/img06385.png,43.0,2
ImageFolders/filtered_images/img06388.png,37.0,2
ImageFolders/filtered_images/img06389.png,37.0,2
ImageFolders/filtered_images/img06394.png,43.0,2
ImageFolders/filtered_images/img06395.png,43.0,2
ImageFolders/filtered_images/img06398.png,24.0,2
ImageFolders/filtered_images/img06399.png,24.0,2
ImageFolders/filtered_images/img06407.png,51.0,2
ImageFolders/filtered_images/img06408.png,51.0,2
ImageFolders/filtered_images/img06409.png,64.0,2
ImageFolders/filtered_images/img06410.png,64.0,2
ImageFolders/filtered_images/img06411.png,63.0,2
ImageFolders/filtered_images/img06414.png,50.0,2
ImageFolders/filtered_images/img06415.png,50.0,2
ImageFolders/filtered_images/img06418.png,71.0,2
ImageFolders/filtered_images/img06419.png,71.0,2
ImageFolders/filtered_images/img06422.png,47.0,1
ImageFolders/filtered_images/img06423.png,47.0,1
ImageFolders/filtered_images/img06436.png,77.0,2
ImageFolders/filtered_images/img06437.png,77.0,2
ImageFolders/filtered_images/img06438.png,66.0,2
ImageFolders/filtered_images/img06439.png,66.0,2
ImageFolders/filtered_images/img06444.png,88.0,2
ImageFolders/filtered_images/img06445.png,88.0,2
ImageFolders/filtered_images/img06446.png,55.0,2
ImageFolders/filtered_images/img06447.png,55.0,2
ImageFolders/filtered_images/img06454.png,42.0,2
ImageFolders/filtered_images/img06455.png,42.0,2
ImageFolders/filtered_images/img06477.png,38.0,2
ImageFolders/filtered_images/img06478.png,38.0,2
ImageFolders/filtered_images/img06479.png,30.0,2
ImageFolders/filtered_images/img06480.png,30.0,2
ImageFolders/filtered_images/img06483.png,64.0,2
ImageFolders/filtered_images/img06484.png,64.0,2
ImageFolders/filtered_images/img06485.png,44.0,2
ImageFolders/filtered_images/img06486.png,44.0,2
ImageFolders/filtered_images/img06487.png,46.0,2
ImageFolders/filtered_images/img06488.png,46.0,2
ImageFolders/filtered_images/img06495.png,65.0,2
ImageFolders/filtered_images/img06496.png,65.0,2
ImageFolders/filtered_images/img06505.png,62.0,2
ImageFolders/filtered_images/img06506.png,62.0,2
ImageFolders/filtered_images/img06509.png,61.0,2
ImageFolders/filtered_images/img06510.png,61.0,2
ImageFolders/filtered_images/img06513.png,47.0,2
ImageFolders/filtered_images/img06514.png,47.0,2
ImageFolders/filtered_images/img06515.png,34.0,2
ImageFolders/filtered_images/img06516.png,34.0,2
ImageFolders/filtered_images/img06520.png,74.0,2
ImageFolders/filtered_images/img06525.png,79.0,2
ImageFolders/filtered_images/img06526.png,79.0,2
ImageFolders/filtered_images/img06527.png,93.0,1
ImageFolders/filtered_images/img06528.png,93.0,1
ImageFolders/filtered_images/img06535.png,45.0,2
ImageFolders/filtered_images/img06538.png,26.0,2
ImageFolders/filtered_images/img06539.png,26.0,2
ImageFolders/filtered_images/img06540.png,58.0,2
ImageFolders/filtered_images/img06541.png,58.0,2
ImageFolders/filtered_images/img06544.png,66.0,2
ImageFolders/filtered_images/img06545.png,66.0,2
ImageFolders/filtered_images/img06550.png,58.0,1
ImageFolders/filtered_images/img06551.png,58.0,1
ImageFolders/filtered_images/img06552.png,40.0,1
ImageFolders/filtered_images/img06553.png,40.0,1
ImageFolders/filtered_images/img06554.png,65.0,1
ImageFolders/filtered_images/img06555.png,65.0,1
ImageFolders/filtered_images/img06556.png,54.0,1
ImageFolders/filtered_images/img06557.png,54.0,1
ImageFolders/filtered_images/img06570.png,72.0,2
ImageFolders/filtered_images/img06571.png,72.0,2
ImageFolders/filtered_images/img06574.png,81.0,2
ImageFolders/filtered_images/img06575.png,81.0,2
ImageFolders/filtered_images/img06576.png,40.0,1
ImageFolders/filtered_images/img06577.png,40.0,1
ImageFolders/filtered_images/img06579.png,85.0,2
ImageFolders/filtered_images/img06580.png,75.0,1
ImageFolders/filtered_images/img06581.png,80.0,1
ImageFolders/filtered_images/img06582.png,80.0,1
ImageFolders/filtered_images/img06583.png,71.0,2
ImageFolders/filtered_images/img06593.png,77.0,2
ImageFolders/filtered_images/img06594.png,53.0,2
ImageFolders/filtered_images/img06595.png,53.0,2
ImageFolders/filtered_images/img06603.png,81.0,2
ImageFolders/filtered_images/img06607.png,93.0,2
ImageFolders/filtered_images/img06608.png,93.0,2
ImageFolders/filtered_images/img06609.png,86.0,2
ImageFolders/filtered_images/img06614.png,77.0,2
ImageFolders/filtered_images/img06615.png,77.0,2
ImageFolders/filtered_images/img06618.png,70.0,2
ImageFolders/filtered_images/img06619.png,70.0,2
ImageFolders/filtered_images/img06622.png,85.0,2
ImageFolders/filtered_images/img06623.png,85.0,2
ImageFolders/filtered_images/img06626.png,63.0,2
ImageFolders/filtered_images/img06627.png,63.0,2
ImageFolders/filtered_images/img06631.png,70.0,2
ImageFolders/filtered_images/img06632.png,70.0,2
ImageFolders/filtered_images/img06636.png,89.0,2
ImageFolders/filtered_images/img06637.png,46.0,2
ImageFolders/filtered_images/img06650.png,72.0,2
ImageFolders/filtered_images/img06651.png,72.0,2
ImageFolders/filtered_images/img06658.png,37.0,2
ImageFolders/filtered_images/img06659.png,37.0,2
ImageFolders/filtered_images/img06662.png,37.0,1
ImageFolders/filtered_images/img06663.png,37.0,1
ImageFolders/filtered_images/img06666.png,46.0,1
ImageFolders/filtered_images/img06667.png,46.0,1
ImageFolders/filtered_images/img06669.png,61.0,1
ImageFolders/filtered_images/img06670.png,61.0,1
ImageFolders/filtered_images/img06671.png,41.0,1
ImageFolders/filtered_images/img06673.png,35.0,1
ImageFolders/filtered_images/img06675.png,78.0,2
ImageFolders/filtered_images/img06684.png,77.0,2
ImageFolders/filtered_images/img06685.png,77.0,2
ImageFolders/filtered_images/img06688.png,84.0,2
ImageFolders/filtered_images/img06689.png,70.0,2
ImageFolders/filtered_images/img06690.png,70.0,2
ImageFolders/filtered_images/img06693.png,69.0,2
ImageFolders/filtered_images/img06694.png,69.0,2
ImageFolders/filtered_images/img06697.png,27.0,2
ImageFolders/filtered_images/img06698.png,27.0,2
ImageFolders/filtered_images/img06700.png,78.0,1
ImageFolders/filtered_images/img06701.png,78.0,1
ImageFolders/filtered_images/img06702.png,76.0,1
ImageFolders/filtered_images/img06703.png,76.0,1
ImageFolders/filtered_images/img06710.png,17.0,2
ImageFolders/filtered_images/img06711.png,17.0,2
ImageFolders/filtered_images/img06717.png,71.0,2
ImageFolders/filtered_images/img06724.png,75.0,2
ImageFolders/filtered_images/img06725.png,75.0,2
ImageFolders/filtered_images/img06733.png,69.0,2
ImageFolders/filtered_images/img06734.png,69.0,2
ImageFolders/filtered_images/img06736.png,54.0,2
ImageFolders/filtered_images/img06737.png,54.0,2
ImageFolders/filtered_images/img06740.png,52.0,1
ImageFolders/filtered_images/img06751.png,91.0,2
ImageFolders/filtered_images/img06752.png,91.0,2
ImageFolders/filtered_images/img06759.png,69.0,1
ImageFolders/filtered_images/img06760.png,69.0,1
ImageFolders/filtered_images/img06772.png,79.0,2
ImageFolders/filtered_images/img06773.png,79.0,2
ImageFolders/filtered_images/img06784.png,14.0,1
ImageFolders/filtered_images/img06785.png,14.0,1
ImageFolders/filtered_images/img06786.png,24.0,2
ImageFolders/filtered_images/img06787.png,24.0,2
ImageFolders/filtered_images/img06788.png,38.0,2
ImageFolders/filtered_images/img06789.png,38.0,2
ImageFolders/filtered_images/img06792.png,47.0,2
ImageFolders/filtered_images/img06793.png,47.0,2
ImageFolders/filtered_images/img06796.png,16.0,1
ImageFolders/filtered_images/img06797.png,16.0,1
ImageFolders/filtered_images/img06803.png,15.0,2
ImageFolders/filtered_images/img06814.png,42.0,2
ImageFolders/filtered_images/img06815.png,42.0,2
ImageFolders/filtered_images/img06822.png,63.0,2
ImageFolders/filtered_images/img06823.png,63.0,2
ImageFolders/filtered_images/img06830.png,48.0,2
ImageFolders/filtered_images/img06831.png,48.0,2
ImageFolders/filtered_images/img06838.png,47.0,2
ImageFolders/filtered_images/img06839.png,47.0,2
ImageFolders/filtered_images/img06850.png,78.0,2
ImageFolders/filtered_images/img06851.png,78.0,2
ImageFolders/filtered_images/img06858.png,44.0,1
ImageFolders/filtered_images/img06859.png,44.0,1
ImageFolders/filtered_images/img06860.png,58.0,2
ImageFolders/filtered_images/img06866.png,48.0,2
ImageFolders/filtered_images/img06867.png,48.0,2
ImageFolders/filtered_images/img06872.png,77.0,2
ImageFolders/filtered_images/img06873.png,77.0,2
ImageFolders/filtered_images/img06876.png,75.0,2
ImageFolders/filtered_images/img06877.png,75.0,2
ImageFolders/filtered_images/img06882.png,69.0,1
ImageFolders/filtered_images/img06883.png,69.0,1
ImageFolders/filtered_images/img06884.png,53.0,2
ImageFolders/filtered_images/img06885.png,53.0,2
ImageFolders/filtered_images/img06896.png,65.0,2
ImageFolders/filtered_images/img06897.png,65.0,2
ImageFolders/filtered_images/img06898.png,71.0,2
ImageFolders/filtered_images/img06899.png,71.0,2
ImageFolders/filtered_images/img06904.png,86.0,2
ImageFolders/filtered_images/img06905.png,86.0,2
ImageFolders/filtered_images/img06912.png,54.0,2
ImageFolders/filtered_images/img06913.png,54.0,2
ImageFolders/filtered_images/img06920.png,59.0,2
ImageFolders/filtered_images/img06921.png,59.0,2
ImageFolders/filtered_images/img06926.png,76.0,2
ImageFolders/filtered_images/img06927.png,76.0,2
ImageFolders/filtered_images/img06931.png,74.0,2
ImageFolders/filtered_images/img06932.png,74.0,2
ImageFolders/filtered_images/img06935.png,67.0,2
ImageFolders/filtered_images/img06936.png,67.0,2
ImageFolders/filtered_images/img06942.png,66.0,1
ImageFolders/filtered_images/img06943.png,66.0,1
ImageFolders/filtered_images/img06944.png,78.0,1
ImageFolders/filtered_images/img06953.png,74.0,2
ImageFolders/filtered_images/img06954.png,74.0,2
ImageFolders/filtered_images/img06955.png,61.0,2
ImageFolders/filtered_images/img06956.png,61.0,2
ImageFolders/filtered_images/img06957.png,72.0,2
ImageFolders/filtered_images/img06958.png,72.0,2
ImageFolders/filtered_images/img06959.png,76.0,2
ImageFolders/filtered_images/img06960.png,76.0,2
ImageFolders/filtered_images/img06965.png,60.0,1
ImageFolders/filtered_images/img06966.png,60.0,1
ImageFolders/filtered_images/img06967.png,73.0,2
ImageFolders/filtered_images/img06976.png,65.0,2
ImageFolders/filtered_images/img06977.png,65.0,2
ImageFolders/filtered_images/img06983.png,51.0,2
ImageFolders/filtered_images/img06984.png,51.0,2
ImageFolders/filtered_images/img06987.png,60.0,2
ImageFolders/filtered_images/img06988.png,60.0,2
ImageFolders/filtered_images/img06999.png,57.0,2
ImageFolders/filtered_images/img07000.png,57.0,2
ImageFolders/filtered_images/img07001.png,51.0,2
ImageFolders/filtered_images/img07002.png,51.0,2
ImageFolders/filtered_images/img07010.png,74.0,2
ImageFolders/filtered_images/img07019.png,72.0,1
ImageFolders/filtered_images/img07034.png,75.0,1
ImageFolders/filtered_images/img07036.png,73.0,1
ImageFolders/filtered_images/img07037.png,73.0,1
ImageFolders/filtered_images/img07038.png,51.0,2
ImageFolders/filtered_images/img07039.png,51.0,2
ImageFolders/filtered_images/img07042.png,70.0,1
ImageFolders/filtered_images/img07043.png,70.0,1
ImageFolders/filtered_images/img07044.png,85.0,1
ImageFolders/filtered_images/img07045.png,85.0,1
ImageFolders/filtered_images/img07051.png,84.0,2
ImageFolders/filtered_images/img07052.png,84.0,2
ImageFolders/filtered_images/img07055.png,73.0,2
ImageFolders/filtered_images/img07056.png,73.0,2
ImageFolders/filtered_images/img07057.png,81.0,2
ImageFolders/filtered_images/img07058.png,81.0,2
ImageFolders/filtered_images/img07073.png,52.0,2
ImageFolders/filtered_images/img07075.png,68.0,2
ImageFolders/filtered_images/img07076.png,61.0,2
ImageFolders/filtered_images/img07077.png,61.0,2
ImageFolders/filtered_images/img07082.png,48.0,1
ImageFolders/filtered_images/img07085.png,38.0,1
ImageFolders/filtered_images/img07086.png,38.0,1
ImageFolders/filtered_images/img07091.png,54.0,2
ImageFolders/filtered_images/img07095.png,51.0,2
ImageFolders/filtered_images/img07096.png,51.0,2
ImageFolders/filtered_images/img07097.png,67.0,2
ImageFolders/filtered_images/img07098.png,67.0,2
ImageFolders/filtered_images/img07099.png,47.0,2
ImageFolders/filtered_images/img07100.png,47.0,2
ImageFolders/filtered_images/img07101.png,55.0,2
ImageFolders/filtered_images/img07102.png,55.0,2
ImageFolders/filtered_images/img07107.png,63.0,2
ImageFolders/filtered_images/img07108.png,63.0,2
ImageFolders/filtered_images/img07109.png,61.0,1
ImageFolders/filtered_images/img07110.png,61.0,1
ImageFolders/filtered_images/img07111.png,73.0,1
ImageFolders/filtered_images/img07112.png,73.0,1
ImageFolders/filtered_images/img07119.png,39.0,2
ImageFolders/filtered_images/img07120.png,39.0,2
ImageFolders/filtered_images/img07121.png,71.0,1
ImageFolders/filtered_images/img07122.png,71.0,1
ImageFolders/filtered_images/img07131.png,48.0,1
ImageFolders/filtered_images/img07132.png,48.0,1
ImageFolders/filtered_images/img07141.png,10.0,2
ImageFolders/filtered_images/img07142.png,10.0,2
ImageFolders/filtered_images/img07147.png,69.0,2
ImageFolders/filtered_images/img07148.png,69.0,2
ImageFolders/filtered_images/img07155.png,70.0,1
ImageFolders/filtered_images/img07156.png,70.0,1
ImageFolders/filtered_images/img07157.png,83.0,1
ImageFolders/filtered_images/img07160.png,63.0,1
ImageFolders/filtered_images/img07161.png,46.0,2
ImageFolders/filtered_images/img07162.png,46.0,2
ImageFolders/filtered_images/img07175.png,37.0,2
ImageFolders/filtered_images/img07176.png,37.0,2
ImageFolders/filtered_images/img07177.png,32.0,2
ImageFolders/filtered_images/img07178.png,32.0,2
ImageFolders/filtered_images/img07181.png,36.0,1
ImageFolders/filtered_images/img07182.png,36.0,1
ImageFolders/filtered_images/img07183.png,41.0,1
ImageFolders/filtered_images/img07184.png,41.0,1
ImageFolders/filtered_images/img07194.png,38.0,1
ImageFolders/filtered_images/img07195.png,38.0,1
ImageFolders/filtered_images/img07200.png,27.0,1
ImageFolders/filtered_images/img07201.png,27.0,1
ImageFolders/filtered_images/img07222.png,32.0,1
ImageFolders/filtered_images/img07223.png,94.0,2
ImageFolders/filtered_images/img07228.png,66.0,2
ImageFolders/filtered_images/img07229.png,66.0,2
ImageFolders/filtered_images/img07231.png,64.0,2
ImageFolders/filtered_images/img07232.png,65.0,2
ImageFolders/filtered_images/img07233.png,65.0,2
ImageFolders/filtered_images/img07241.png,64.0,2
ImageFolders/filtered_images/img07247.png,71.0,2
ImageFolders/filtered_images/img07250.png,61.0,2
ImageFolders/filtered_images/img07251.png,58.0,2
ImageFolders/filtered_images/img07255.png,64.0,2
ImageFolders/filtered_images/img07256.png,64.0,2
ImageFolders/filtered_images/img07265.png,65.0,1
ImageFolders/filtered_images/img07266.png,65.0,1
ImageFolders/filtered_images/img07269.png,85.0,2
ImageFolders/filtered_images/img07270.png,85.0,2
ImageFolders/filtered_images/img07271.png,30.0,1
ImageFolders/filtered_images/img07272.png,30.0,1
ImageFolders/filtered_images/img07273.png,29.0,1
ImageFolders/filtered_images/img07274.png,29.0,1
ImageFolders/filtered_images/img07279.png,8.0,1
ImageFolders/filtered_images/img07280.png,8.0,1
ImageFolders/filtered_images/img07283.png,31.0,1
ImageFolders/filtered_images/img07284.png,31.0,1
ImageFolders/filtered_images/img07291.png,29.0,1
ImageFolders/filtered_images/img07292.png,29.0,1
ImageFolders/filtered_images/img07311.png,25.0,2
ImageFolders/filtered_images/img07312.png,25.0,2
ImageFolders/filtered_images/img07323.png,31.0,2
ImageFolders/filtered_images/img07324.png,31.0,2
ImageFolders/filtered_images/img07325.png,43.0,2
ImageFolders/filtered_images/img07326.png,43.0,2
ImageFolders/filtered_images/img07327.png,41.0,2
ImageFolders/filtered_images/img07328.png,41.0,2
ImageFolders/filtered_images/img07329.png,28.0,2
ImageFolders/filtered_images/img07330.png,28.0,2
ImageFolders/filtered_images/img07331.png,44.0,2
ImageFolders/filtered_images/img07332.png,44.0,2
ImageFolders/filtered_images/img07339.png,36.0,1
ImageFolders/filtered_images/img07340.png,36.0,1
ImageFolders/filtered_images/img07345.png,73.0,1
ImageFolders/filtered_images/img07346.png,73.0,1
ImageFolders/filtered_images/img07351.png,40.0,1
ImageFolders/filtered_images/img07352.png,40.0,1
ImageFolders/filtered_images/img07354.png,74.0,1
ImageFolders/filtered_images/img07355.png,73.0,1
ImageFolders/filtered_images/img07356.png,73.0,1
ImageFolders/filtered_images/img07359.png,67.0,1
ImageFolders/filtered_images/img07360.png,67.0,1
ImageFolders/filtered_images/img07361.png,32.0,1
ImageFolders/filtered_images/img07362.png,32.0,1
ImageFolders/filtered_images/img07375.png,72.0,1
ImageFolders/filtered_images/img07378.png,58.0,2
ImageFolders/filtered_images/img07379.png,58.0,2
ImageFolders/filtered_images/img07384.png,86.0,2
ImageFolders/filtered_images/img07385.png,86.0,2
ImageFolders/filtered_images/img07387.png,66.0,2
ImageFolders/filtered_images/img07394.png,55.0,2
ImageFolders/filtered_images/img07395.png,55.0,2
ImageFolders/filtered_images/img07396.png,32.0,2
ImageFolders/filtered_images/img07397.png,32.0,2
ImageFolders/filtered_images/img07400.png,27.0,2
ImageFolders/filtered_images/img07401.png,27.0,2
ImageFolders/filtered_images/img07402.png,32.0,2
ImageFolders/filtered_images/img07403.png,32.0,2
ImageFolders/filtered_images/img07412.png,64.0,1
ImageFolders/filtered_images/img07423.png,31.0,1
ImageFolders/filtered_images/img07424.png,31.0,1
ImageFolders/filtered_images/img07429.png,29.0,1
ImageFolders/filtered_images/img07432.png,68.0,2
ImageFolders/filtered_images/img07433.png,68.0,2
ImageFolders/filtered_images/img07434.png,76.0,1
ImageFolders/filtered_images/img07435.png,76.0,1
ImageFolders/filtered_images/img07438.png,63.0,2
ImageFolders/filtered_images/img07439.png,63.0,2
ImageFolders/filtered_images/img07450.png,78.0,1
ImageFolders/filtered_images/img07451.png,78.0,1
ImageFolders/filtered_images/img07458.png,65.0,1
ImageFolders/filtered_images/img07459.png,65.0,1
ImageFolders/filtered_images/img07478.png,70.0,2
ImageFolders/filtered_images/img07479.png,70.0,2
ImageFolders/filtered_images/img07487.png,76.0,2
ImageFolders/filtered_images/img07488.png,76.0,2
ImageFolders/filtered_images/img07489.png,53.0,2
ImageFolders/filtered_images/img07490.png,53.0,2
ImageFolders/filtered_images/img07507.png,61.0,2
ImageFolders/filtered_images/img07508.png,61.0,2
ImageFolders/filtered_images/img07510.png,57.0,2
ImageFolders/filtered_images/img07516.png,61.0,2
ImageFolders/filtered_images/img07517.png,80.0,2
ImageFolders/filtered_images/img07518.png,46.0,2
ImageFolders/filtered_images/img07519.png,46.0,2
ImageFolders/filtered_images/img07520.png,55.0,2
ImageFolders/filtered_images/img07521.png,55.0,2
ImageFolders/filtered_images/img07522.png,60.0,2
ImageFolders/filtered_images/img07530.png,79.0,2
ImageFolders/filtered_images/img07531.png,79.0,2
ImageFolders/filtered_images/img07534.png,68.0,2
ImageFolders/filtered_images/img07535.png,68.0,2
ImageFolders/filtered_images/img07545.png,85.0,2
ImageFolders/filtered_images/img07546.png,85.0,2
ImageFolders/filtered_images/img07549.png,78.0,2
ImageFolders/filtered_images/img07550.png,78.0,2
ImageFolders/filtered_images/img07553.png,70.0,2
ImageFolders/filtered_images/img07554.png,70.0,2
ImageFolders/filtered_images/img07556.png,72.0,2
ImageFolders/filtered_images/img07557.png,72.0,2
ImageFolders/filtered_images/img07558.png,48.0,2
ImageFolders/filtered_images/img07559.png,48.0,2
ImageFolders/filtered_images/img07564.png,60.0,2
ImageFolders/filtered_images/img07565.png,60.0,2
ImageFolders/filtered_images/img07571.png,66.0,2
ImageFolders/filtered_images/img07572.png,66.0,2
ImageFolders/filtered_images/img07573.png,62.0,2
ImageFolders/filtered_images/img07575.png,66.0,2
ImageFolders/filtered_images/img07587.png,52.0,2
ImageFolders/filtered_images/img07588.png,52.0,2
ImageFolders/filtered_images/img07607.png,52.0,2
ImageFolders/filtered_images/img07608.png,52.0,2
ImageFolders/filtered_images/img07609.png,53.0,2
ImageFolders/filtered_images/img07610.png,53.0,2
ImageFolders/filtered_images/img07617.png,55.0,1
ImageFolders/filtered_images/img07618.png,55.0,1
ImageFolders/filtered_images/img07621.png,65.0,1
ImageFolders/filtered_images/img07622.png,65.0,1
ImageFolders/filtered_images/img07623.png,68.0,1
ImageFolders/filtered_images/img07624.png,68.0,1
ImageFolders/filtered_images/img07625.png,58.0,1
ImageFolders/filtered_images/img07626.png,58.0,1
ImageFolders/filtered_images/img07627.png,83.0,1
ImageFolders/filtered_images/img07631.png,59.0,1
ImageFolders/filtered_images/img07632.png,59.0,1
ImageFolders/filtered_images/img07635.png,72.0,1
ImageFolders/filtered_images/img07645.png,43.0,1
ImageFolders/filtered_images/img07646.png,43.0,1
ImageFolders/filtered_images/img07651.png,45.0,1
ImageFolders/filtered_images/img07652.png,45.0,1
ImageFolders/filtered_images/img07653.png,75.0,1
ImageFolders/filtered_images/img07660.png,64.0,1
ImageFolders/filtered_images/img07661.png,63.0,1
ImageFolders/filtered_images/img07662.png,63.0,1
ImageFolders/filtered_images/img07665.png,63.0,1
ImageFolders/filtered_images/img07666.png,63.0,1
ImageFolders/filtered_images/img07669.png,43.0,1
ImageFolders/filtered_images/img07670.png,43.0,1
ImageFolders/filtered_images/img07671.png,68.0,1
ImageFolders/filtered_images/img07672.png,68.0,1
ImageFolders/filtered_images/img07683.png,67.0,1
ImageFolders/filtered_images/img07693.png,54.0,1
ImageFolders/filtered_images/img07694.png,54.0,1
ImageFolders/filtered_images/img07695.png,47.0,1
ImageFolders/filtered_images/img07696.png,47.0,1
ImageFolders/filtered_images/img07697.png,56.0,1
ImageFolders/filtered_images/img07698.png,56.0,1
ImageFolders/filtered_images/img07703.png,66.0,1
ImageFolders/filtered_images/img07704.png,66.0,1
ImageFolders/filtered_images/img07705.png,64.0,1
ImageFolders/filtered_images/img07706.png,64.0,1
ImageFolders/filtered_images/img07709.png,28.0,1
ImageFolders/filtered_images/img07710.png,28.0,1
ImageFolders/filtered_images/img07717.png,60.0,1
ImageFolders/filtered_images/img07718.png,60.0,1
ImageFolders/filtered_images/img07719.png,47.0,1
ImageFolders/filtered_images/img07720.png,47.0,1
ImageFolders/filtered_images/img07724.png,55.0,1
ImageFolders/filtered_images/img07725.png,53.0,1
ImageFolders/filtered_images/img07726.png,53.0,1
ImageFolders/filtered_images/img07730.png,73.0,1
ImageFolders/filtered_images/img07731.png,73.0,1
ImageFolders/filtered_images/img07742.png,57.0,1
ImageFolders/filtered_images/img07743.png,57.0,1
ImageFolders/filtered_images/img07746.png,66.0,1
ImageFolders/filtered_images/img07747.png,66.0,1
ImageFolders/filtered_images/img07751.png,59.0,1
ImageFolders/filtered_images/img07752.png,59.0,1
ImageFolders/filtered_images/img07753.png,44.0,1
ImageFolders/filtered_images/img07754.png,44.0,1
ImageFolders/filtered_images/img07755.png,49.0,1
ImageFolders/filtered_images/img07756.png,49.0,1
ImageFolders/filtered_images/img07763.png,32.0,1
ImageFolders/filtered_images/img07766.png,65.0,1
ImageFolders/filtered_images/img07767.png,65.0,1
ImageFolders/filtered_images/img07774.png,66.0,1
ImageFolders/filtered_images/img07784.png,69.0,1
ImageFolders/filtered_images/img07785.png,69.0,1
ImageFolders/filtered_images/img07786.png,69.0,1
ImageFolders/filtered_images/img07787.png,69.0,1
ImageFolders/filtered_images/img07788.png,78.0,1
ImageFolders/filtered_images/img07789.png,78.0,1
ImageFolders/filtered_images/img07790.png,61.0,1
ImageFolders/filtered_images/img07791.png,61.0,1
ImageFolders/filtered_images/img07792.png,50.0,1
ImageFolders/filtered_images/img07793.png,50.0,1
ImageFolders/filtered_images/img07794.png,67.0,1
ImageFolders/filtered_images/img07795.png,67.0,1
ImageFolders/filtered_images/img07807.png,70.0,1
ImageFolders/filtered_images/img07808.png,70.0,1
ImageFolders/filtered_images/img07809.png,84.0,1
ImageFolders/filtered_images/img07810.png,84.0,1
ImageFolders/filtered_images/img07811.png,47.0,1
ImageFolders/filtered_images/img07812.png,47.0,1
ImageFolders/filtered_images/img07817.png,56.0,1
ImageFolders/filtered_images/img07818.png,56.0,1
ImageFolders/filtered_images/img07821.png,46.0,1
ImageFolders/filtered_images/img07822.png,46.0,1
ImageFolders/filtered_images/img07825.png,85.0,1
ImageFolders/filtered_images/img07830.png,67.0,1
ImageFolders/filtered_images/img07831.png,67.0,1
ImageFolders/filtered_images/img07836.png,53.0,1
ImageFolders/filtered_images/img07837.png,53.0,1
ImageFolders/filtered_images/img07846.png,82.0,1
ImageFolders/filtered_images/img07847.png,82.0,1
ImageFolders/filtered_images/img07850.png,15.0,1
ImageFolders/filtered_images/img07851.png,52.0,1
ImageFolders/filtered_images/img07852.png,52.0,1
ImageFolders/filtered_images/img07853.png,15.0,1
ImageFolders/filtered_images/img07854.png,15.0,1
ImageFolders/filtered_images/img07855.png,14.0,1
ImageFolders/filtered_images/img07856.png,14.0,1
ImageFolders/filtered_images/img07859.png,13.0,1
ImageFolders/filtered_images/img07865.png,36.0,1
ImageFolders/filtered_images/img07866.png,36.0,1
ImageFolders/filtered_images/img07871.png,16.0,1
ImageFolders/filtered_images/img07872.png,16.0,1
ImageFolders/filtered_images/img07875.png,32.0,1
ImageFolders/filtered_images/img07876.png,32.0,1
ImageFolders/filtered_images/img07885.png,25.0,2
ImageFolders/filtered_images/img07886.png,25.0,2
ImageFolders/filtered_images/img07887.png,26.0,2
ImageFolders/filtered_images/img07888.png,26.0,2
ImageFolders/filtered_images/img07889.png,25.0,2
ImageFolders/filtered_images/img07890.png,25.0,2
ImageFolders/filtered_images/img07891.png,25.0,2
ImageFolders/filtered_images/img07892.png,25.0,2
ImageFolders/filtered_images/img07895.png,27.0,2
ImageFolders/filtered_images/img07896.png,27.0,2
ImageFolders/filtered_images/img07900.png,22.0,2
ImageFolders/filtered_images/img07901.png,13.0,2
ImageFolders/filtered_images/img07906.png,74.0,1
ImageFolders/filtered_images/img07912.png,64.0,2
ImageFolders/filtered_images/img07915.png,31.0,1
ImageFolders/filtered_images/img07916.png,31.0,1
ImageFolders/filtered_images/img07918.png,58.0,2
ImageFolders/filtered_images/img07919.png,67.0,2
ImageFolders/filtered_images/img07920.png,67.0,2
ImageFolders/filtered_images/img07921.png,80.0,2
ImageFolders/filtered_images/img07922.png,80.0,2
ImageFolders/filtered_images/img07923.png,44.0,1
ImageFolders/filtered_images/img07924.png,44.0,1
ImageFolders/filtered_images/img07931.png,80.0,1
ImageFolders/filtered_images/img07932.png,80.0,1
ImageFolders/filtered_images/img07943.png,57.0,1
ImageFolders/filtered_images/img07944.png,57.0,1
ImageFolders/filtered_images/img07945.png,53.0,1
ImageFolders/filtered_images/img07946.png,53.0,1
ImageFolders/filtered_images/img07953.png,61.0,2
ImageFolders/filtered_images/img07954.png,61.0,2
ImageFolders/filtered_images/img07958.png,58.0,2
ImageFolders/filtered_images/img07971.png,70.0,2
ImageFolders/filtered_images/img07973.png,51.0,2
ImageFolders/filtered_images/img07974.png,51.0,2
ImageFolders/filtered_images/img07977.png,69.0,2
ImageFolders/filtered_images/img07978.png,69.0,2
ImageFolders/filtered_images/img07979.png,74.0,1
ImageFolders/filtered_images/img07980.png,74.0,1
ImageFolders/filtered_images/img07983.png,63.0,1
ImageFolders/filtered_images/img07984.png,63.0,1
ImageFolders/filtered_images/img07986.png,46.0,2
ImageFolders/filtered_images/img07989.png,86.0,2
ImageFolders/filtered_images/img07990.png,86.0,2
ImageFolders/filtered_images/img07991.png,59.0,2
ImageFolders/filtered_images/img07992.png,59.0,2
ImageFolders/filtered_images/img07997.png,44.0,1
ImageFolders/filtered_images/img07998.png,68.0,1
ImageFolders/filtered_images/img08007.png,69.0,2
ImageFolders/filtered_images/img08008.png,69.0,2
ImageFolders/filtered_images/img08009.png,80.0,2
ImageFolders/filtered_images/img08011.png,73.0,2
ImageFolders/filtered_images/img08012.png,73.0,2
ImageFolders/filtered_images/img08015.png,50.0,1
ImageFolders/filtered_images/img08016.png,50.0,1
ImageFolders/filtered_images/img08019.png,58.0,2
ImageFolders/filtered_images/img08020.png,58.0,2
ImageFolders/filtered_images/img08024.png,48.0,2
ImageFolders/filtered_images/img08025.png,82.0,2
ImageFolders/filtered_images/img08026.png,82.0,2
ImageFolders/filtered_images/img08029.png,71.0,2
ImageFolders/filtered_images/img08030.png,71.0,2
ImageFolders/filtered_images/img08041.png,66.0,2
ImageFolders/filtered_images/img08042.png,66.0,2
ImageFolders/filtered_images/img08047.png,79.0,2
ImageFolders/filtered_images/img08048.png,79.0,2
ImageFolders/filtered_images/img08051.png,64.0,2
ImageFolders/filtered_images/img08052.png,64.0,2
ImageFolders/filtered_images/img08053.png,57.0,2
ImageFolders/filtered_images/img08054.png,57.0,2
ImageFolders/filtered_images/img08061.png,53.0,1
ImageFolders/filtered_images/img08062.png,53.0,1
ImageFolders/filtered_images/img08063.png,75.0,1
ImageFolders/filtered_images/img08064.png,75.0,1
ImageFolders/filtered_images/img08065.png,56.0,1
ImageFolders/filtered_images/img08066.png,56.0,1
ImageFolders/filtered_images/img08067.png,64.0,1
ImageFolders/filtered_images/img08071.png,69.0,1
ImageFolders/filtered_images/img08072.png,69.0,1
ImageFolders/filtered_images/img08075.png,82.0,1
ImageFolders/filtered_images/img08076.png,82.0,1
ImageFolders/filtered_images/img08077.png,68.0,1
ImageFolders/filtered_images/img08078.png,68.0,1
ImageFolders/filtered_images/img08093.png,77.0,1
ImageFolders/filtered_images/img08094.png,77.0,1
ImageFolders/filtered_images/img08095.png,84.0,1
ImageFolders/filtered_images/img08096.png,84.0,1
ImageFolders/filtered_images/img08097.png,62.0,1
ImageFolders/filtered_images/img08098.png,62.0,1
ImageFolders/filtered_images/img08099.png,47.0,1
ImageFolders/filtered_images/img08100.png,47.0,1
ImageFolders/filtered_images/img08103.png,62.0,1
ImageFolders/filtered_images/img08104.png,62.0,1
ImageFolders/filtered_images/img08105.png,52.0,1
ImageFolders/filtered_images/img08116.png,58.0,1
ImageFolders/filtered_images/img08123.png,55.0,1
ImageFolders/filtered_images/img08124.png,55.0,1
ImageFolders/filtered_images/img08127.png,77.0,1
ImageFolders/filtered_images/img08128.png,77.0,1
ImageFolders/filtered_images/img08137.png,87.0,2
ImageFolders/filtered_images/img08138.png,87.0,2
ImageFolders/filtered_images/img08139.png,75.0,2
ImageFolders/filtered_images/img08140.png,75.0,2
ImageFolders/filtered_images/img08147.png,50.0,2
ImageFolders/filtered_images/img08148.png,50.0,2
ImageFolders/filtered_images/img08149.png,53.0,1
ImageFolders/filtered_images/img08150.png,53.0,1
ImageFolders/filtered_images/img08153.png,80.0,1
ImageFolders/filtered_images/img08154.png,80.0,1
ImageFolders/filtered_images/img08157.png,77.0,1
ImageFolders/filtered_images/img08158.png,77.0,1
ImageFolders/filtered_images/img08159.png,75.0,1
ImageFolders/filtered_images/img08163.png,43.0,1
ImageFolders/filtered_images/img08165.png,60.0,1
ImageFolders/filtered_images/img08166.png,60.0,1
ImageFolders/filtered_images/img08173.png,5.0,1
ImageFolders/filtered_images/img08174.png,5.0,1
ImageFolders/filtered_images/img08177.png,78.0,2
ImageFolders/filtered_images/img08178.png,66.0,2
ImageFolders/filtered_images/img08179.png,66.0,2
ImageFolders/filtered_images/img08180.png,70.0,1
ImageFolders/filtered_images/img08181.png,70.0,1
ImageFolders/filtered_images/img08183.png,55.0,2
ImageFolders/filtered_images/img08188.png,64.0,1
ImageFolders/filtered_images/img08189.png,64.0,1
ImageFolders/filtered_images/img08190.png,75.0,1
ImageFolders/filtered_images/img08191.png,75.0,1
ImageFolders/filtered_images/img08192.png,36.0,2
ImageFolders/filtered_images/img08193.png,36.0,2
ImageFolders/filtered_images/img08194.png,58.0,2
ImageFolders/filtered_images/img08195.png,58.0,2
ImageFolders/filtered_images/img08196.png,61.0,1
ImageFolders/filtered_images/img08197.png,61.0,1
ImageFolders/filtered_images/img08204.png,16.0,1
ImageFolders/filtered_images/img08207.png,22.0,2
ImageFolders/filtered_images/img08208.png,22.0,2
ImageFolders/filtered_images/img08211.png,55.0,1
ImageFolders/filtered_images/img08212.png,55.0,1
ImageFolders/filtered_images/img08213.png,68.0,1
ImageFolders/filtered_images/img08214.png,68.0,1
ImageFolders/filtered_images/img08228.png,39.0,1
ImageFolders/filtered_images/img08230.png,66.0,1
ImageFolders/filtered_images/img08231.png,66.0,1
ImageFolders/filtered_images/img08235.png,69.0,1
ImageFolders/filtered_images/img08236.png,38.0,1
ImageFolders/filtered_images/img08237.png,38.0,1
ImageFolders/filtered_images/img08241.png,76.0,1
ImageFolders/filtered_images/img08242.png,76.0,1
ImageFolders/filtered_images/img08245.png,76.0,1
ImageFolders/filtered_images/img08246.png,76.0,1
ImageFolders/filtered_images/img08253.png,61.0,1
ImageFolders/filtered_images/img08254.png,61.0,1
ImageFolders/filtered_images/img08255.png,70.0,2
ImageFolders/filtered_images/img08256.png,70.0,2
ImageFolders/filtered_images/img08257.png,80.0,2
ImageFolders/filtered_images/img08258.png,80.0,2
ImageFolders/filtered_images/img08262.png,80.0,2
ImageFolders/filtered_images/img08263.png,80.0,2
ImageFolders/filtered_images/img08267.png,32.0,2
ImageFolders/filtered_images/img08268.png,48.0,2
ImageFolders/filtered_images/img08269.png,48.0,2
ImageFolders/filtered_images/img08284.png,68.0,2
ImageFolders/filtered_images/img08285.png,68.0,2
ImageFolders/filtered_images/img08286.png,56.0,1
ImageFolders/filtered_images/img08287.png,56.0,1
ImageFolders/filtered_images/img08289.png,64.0,1
ImageFolders/filtered_images/img08290.png,74.0,1
ImageFolders/filtered_images/img08311.png,36.0,2
ImageFolders/filtered_images/img08312.png,36.0,2
ImageFolders/filtered_images/img08313.png,63.0,2
ImageFolders/filtered_images/img08314.png,63.0,2
ImageFolders/filtered_images/img08319.png,54.0,1
ImageFolders/filtered_images/img08320.png,54.0,1
ImageFolders/filtered_images/img08321.png,40.0,1
ImageFolders/filtered_images/img08322.png,40.0,1
ImageFolders/filtered_images/img08326.png,50.0,1
ImageFolders/filtered_images/img08327.png,50.0,1
ImageFolders/filtered_images/img08330.png,52.0,1
ImageFolders/filtered_images/img08331.png,52.0,1
ImageFolders/filtered_images/img08343.png,43.0,2
ImageFolders/filtered_images/img08344.png,43.0,2
ImageFolders/filtered_images/img08345.png,58.0,2
ImageFolders/filtered_images/img08348.png,59.0,2
ImageFolders/filtered_images/img08349.png,59.0,2
ImageFolders/filtered_images/img08356.png,54.0,2
ImageFolders/filtered_images/img08357.png,54.0,2
ImageFolders/filtered_images/img08360.png,88.0,2
ImageFolders/filtered_images/img08363.png,55.0,2
ImageFolders/filtered_images/img08364.png,55.0,2
ImageFolders/filtered_images/img08367.png,15.0,2
ImageFolders/filtered_images/img08368.png,15.0,2
ImageFolders/filtered_images/img08373.png,18.0,2
ImageFolders/filtered_images/img08374.png,11.0,2
ImageFolders/filtered_images/img08379.png,51.0,2
ImageFolders/filtered_images/img08380.png,51.0,2
ImageFolders/filtered_images/img08385.png,25.0,2
ImageFolders/filtered_images/img08386.png,25.0,2
ImageFolders/filtered_images/img08389.png,41.0,2
ImageFolders/filtered_images/img08390.png,41.0,2
ImageFolders/filtered_images/img08395.png,28.0,2
ImageFolders/filtered_images/img08396.png,28.0,2
ImageFolders/filtered_images/img08397.png,38.0,2
ImageFolders/filtered_images/img08398.png,38.0,2
ImageFolders/filtered_images/img08403.png,62.0,2
ImageFolders/filtered_images/img08404.png,62.0,2
ImageFolders/filtered_images/img08409.png,44.0,2
ImageFolders/filtered_images/img08415.png,41.0,2
ImageFolders/filtered_images/img08417.png,49.0,2
ImageFolders/filtered_images/img08418.png,49.0,2
ImageFolders/filtered_images/img08419.png,50.0,2
ImageFolders/filtered_images/img08420.png,50.0,2
ImageFolders/filtered_images/img08426.png,70.0,1
ImageFolders/filtered_images/img08427.png,70.0,1
ImageFolders/filtered_images/img08428.png,60.0,1
ImageFolders/filtered_images/img08430.png,72.0,2
ImageFolders/filtered_images/img08431.png,72.0,2
ImageFolders/filtered_images/img08434.png,37.0,2
ImageFolders/filtered_images/img08435.png,37.0,2
ImageFolders/filtered_images/img08444.png,45.0,1
ImageFolders/filtered_images/img08445.png,81.0,2
ImageFolders/filtered_images/img08446.png,81.0,2
ImageFolders/filtered_images/img08449.png,31.0,2
ImageFolders/filtered_images/img08450.png,31.0,2
ImageFolders/filtered_images/img08458.png,68.0,2
ImageFolders/filtered_images/img08459.png,68.0,2
ImageFolders/filtered_images/img08460.png,19.0,2
ImageFolders/filtered_images/img08461.png,19.0,2
ImageFolders/filtered_images/img08466.png,43.0,2
ImageFolders/filtered_images/img08468.png,81.0,1
ImageFolders/filtered_images/img08469.png,70.0,2
ImageFolders/filtered_images/img08470.png,70.0,2
ImageFolders/filtered_images/img08473.png,41.0,2
ImageFolders/filtered_images/img08476.png,77.0,2
ImageFolders/filtered_images/img08477.png,77.0,2
ImageFolders/filtered_images/img08480.png,72.0,2
ImageFolders/filtered_images/img08481.png,72.0,2
ImageFolders/filtered_images/img08491.png,31.0,2
ImageFolders/filtered_images/img08492.png,31.0,2
ImageFolders/filtered_images/img08499.png,82.0,1
ImageFolders/filtered_images/img08500.png,82.0,1
ImageFolders/filtered_images/img08501.png,17.0,1
ImageFolders/filtered_images/img08502.png,17.0,1
ImageFolders/filtered_images/img08503.png,19.0,1
ImageFolders/filtered_images/img08504.png,19.0,1
ImageFolders/filtered_images/img08506.png,25.0,1
ImageFolders/filtered_images/img08507.png,25.0,1
ImageFolders/filtered_images/img08510.png,72.0,1
ImageFolders/filtered_images/img08511.png,72.0,1
ImageFolders/filtered_images/img08514.png,25.0,1
ImageFolders/filtered_images/img08515.png,25.0,1
ImageFolders/filtered_images/img08518.png,24.0,1
ImageFolders/filtered_images/img08519.png,24.0,1
ImageFolders/filtered_images/img08526.png,79.0,2
ImageFolders/filtered_images/img08527.png,79.0,2
ImageFolders/filtered_images/img08528.png,83.0,2
ImageFolders/filtered_images/img08529.png,83.0,2
ImageFolders/filtered_images/img08536.png,51.0,1
ImageFolders/filtered_images/img08537.png,51.0,1
ImageFolders/filtered_images/img08540.png,12.0,1
ImageFolders/filtered_images/img08541.png,27.0,1
ImageFolders/filtered_images/img08542.png,27.0,1
ImageFolders/filtered_images/img08547.png,14.0,1
ImageFolders/filtered_images/img08548.png,14.0,1
ImageFolders/filtered_images/img08549.png,11.0,1
ImageFolders/filtered_images/img08551.png,33.0,1
ImageFolders/filtered_images/img08552.png,33.0,1
ImageFolders/filtered_images/img08553.png,6.0,1
ImageFolders/filtered_images/img08554.png,6.0,1
ImageFolders/filtered_images/img08557.png,45.0,1
ImageFolders/filtered_images/img08558.png,45.0,1
ImageFolders/filtered_images/img08563.png,70.0,1
ImageFolders/filtered_images/img08564.png,70.0,1
ImageFolders/filtered_images/img08565.png,19.0,1
ImageFolders/filtered_images/img08566.png,19.0,1
ImageFolders/filtered_images/img08571.png,72.0,1
ImageFolders/filtered_images/img08572.png,72.0,1
ImageFolders/filtered_images/img08577.png,79.0,1
ImageFolders/filtered_images/img08578.png,79.0,1
ImageFolders/filtered_images/img08579.png,59.0,2
ImageFolders/filtered_images/img08580.png,59.0,2
ImageFolders/filtered_images/img08585.png,35.0,1
ImageFolders/filtered_images/img08588.png,67.0,2
ImageFolders/filtered_images/img08589.png,67.0,2
ImageFolders/filtered_images/img08602.png,88.0,1
ImageFolders/filtered_images/img08609.png,70.0,2
ImageFolders/filtered_images/img08614.png,55.0,2
ImageFolders/filtered_images/img08615.png,55.0,2
ImageFolders/filtered_images/img08616.png,60.0,2
ImageFolders/filtered_images/img08624.png,71.0,2
ImageFolders/filtered_images/img08626.png,69.0,2
ImageFolders/filtered_images/img08627.png,69.0,2
ImageFolders/filtered_images/img08634.png,72.0,2
ImageFolders/filtered_images/img08635.png,72.0,2
ImageFolders/filtered_images/img08641.png,53.0,2
ImageFolders/filtered_images/img08642.png,53.0,2
ImageFolders/filtered_images/img08645.png,76.0,2
ImageFolders/filtered_images/img08646.png,76.0,2
ImageFolders/filtered_images/img08657.png,68.0,2
ImageFolders/filtered_images/img08658.png,68.0,2
ImageFolders/filtered_images/img08661.png,75.0,2
ImageFolders/filtered_images/img08662.png,75.0,2
ImageFolders/filtered_images/img08670.png,79.0,2
ImageFolders/filtered_images/img08676.png,67.0,2
ImageFolders/filtered_images/img08678.png,69.0,2
ImageFolders/filtered_images/img08679.png,69.0,2
ImageFolders/filtered_images/img08680.png,90.0,2
ImageFolders/filtered_images/img08681.png,90.0,2
ImageFolders/filtered_images/img08682.png,82.0,2
ImageFolders/filtered_images/img08683.png,82.0,2
ImageFolders/filtered_images/img08688.png,59.0,2
ImageFolders/filtered_images/img08689.png,59.0,2
ImageFolders/filtered_images/img08694.png,62.0,2
ImageFolders/filtered_images/img08695.png,62.0,2
ImageFolders/filtered_images/img08697.png,49.0,2
ImageFolders/filtered_images/img08702.png,71.0,1
ImageFolders/filtered_images/img08703.png,71.0,1
ImageFolders/filtered_images/img08706.png,88.0,2
ImageFolders/filtered_images/img08707.png,88.0,2
ImageFolders/filtered_images/img08708.png,76.0,2
ImageFolders/filtered_images/img08709.png,76.0,2
ImageFolders/filtered_images/img08710.png,51.0,2
ImageFolders/filtered_images/img08711.png,51.0,2
ImageFolders/filtered_images/img08712.png,53.0,1
ImageFolders/filtered_images/img08713.png,53.0,1
ImageFolders/filtered_images/img08714.png,74.0,1
ImageFolders/filtered_images/img08715.png,74.0,1
ImageFolders/filtered_images/img08722.png,71.0,1
ImageFolders/filtered_images/img08723.png,71.0,1
ImageFolders/filtered_images/img08726.png,60.0,1
ImageFolders/filtered_images/img08727.png,60.0,1
ImageFolders/filtered_images/img08731.png,67.0,1
ImageFolders/filtered_images/img08732.png,67.0,1
ImageFolders/filtered_images/img08737.png,83.0,2
ImageFolders/filtered_images/img08738.png,83.0,2
ImageFolders/filtered_images/img08739.png,33.0,1
ImageFolders/filtered_images/img08740.png,33.0,1
ImageFolders/filtered_images/img08747.png,65.0,1
ImageFolders/filtered_images/img08748.png,65.0,1
ImageFolders/filtered_images/img08750.png,36.0,1
ImageFolders/filtered_images/img08756.png,20.0,1
ImageFolders/filtered_images/img08757.png,59.0,2
ImageFolders/filtered_images/img08758.png,59.0,2
ImageFolders/filtered_images/img08759.png,70.0,2
ImageFolders/filtered_images/img08760.png,70.0,2
ImageFolders/filtered_images/img08767.png,71.0,1
ImageFolders/filtered_images/img08768.png,71.0,1
ImageFolders/filtered_images/img08774.png,63.0,2
ImageFolders/filtered_images/img08775.png,63.0,2
ImageFolders/filtered_images/img08784.png,61.0,2
ImageFolders/filtered_images/img08785.png,61.0,2
ImageFolders/filtered_images/img08788.png,67.0,1
ImageFolders/filtered_images/img08789.png,19.0,1
ImageFolders/filtered_images/img08790.png,19.0,1
ImageFolders/filtered_images/img08795.png,84.0,2
ImageFolders/filtered_images/img08796.png,84.0,2
ImageFolders/filtered_images/img08797.png,84.0,2
ImageFolders/filtered_images/img08798.png,84.0,2
ImageFolders/filtered_images/img08799.png,66.0,2
ImageFolders/filtered_images/img08800.png,66.0,2
ImageFolders/filtered_images/img08805.png,76.0,2
ImageFolders/filtered_images/img08806.png,76.0,2
ImageFolders/filtered_images/img08811.png,68.0,2
ImageFolders/filtered_images/img08812.png,68.0,2
ImageFolders/filtered_images/img08813.png,81.0,2
ImageFolders/filtered_images/img08814.png,81.0,2
ImageFolders/filtered_images/img08815.png,41.0,2
ImageFolders/filtered_images/img08816.png,41.0,2
ImageFolders/filtered_images/img08817.png,75.0,1
ImageFolders/filtered_images/img08818.png,75.0,1
ImageFolders/filtered_images/img08819.png,42.0,1
ImageFolders/filtered_images/img08820.png,42.0,1
ImageFolders/filtered_images/img08824.png,47.0,2
ImageFolders/filtered_images/img08825.png,47.0,2
ImageFolders/filtered_images/img08826.png,69.0,2
ImageFolders/filtered_images/img08827.png,69.0,2
ImageFolders/filtered_images/img08828.png,81.0,2
ImageFolders/filtered_images/img08829.png,81.0,2
ImageFolders/filtered_images/img08843.png,62.0,1
ImageFolders/filtered_images/img08847.png,62.0,1
ImageFolders/filtered_images/img08848.png,62.0,1
ImageFolders/filtered_images/img08849.png,68.0,1
ImageFolders/filtered_images/img08853.png,84.0,2
ImageFolders/filtered_images/img08854.png,84.0,2
ImageFolders/filtered_images/img08859.png,46.0,2
ImageFolders/filtered_images/img08860.png,46.0,2
ImageFolders/filtered_images/img08861.png,47.0,1
ImageFolders/filtered_images/img08862.png,47.0,1
ImageFolders/filtered_images/img08863.png,52.0,1
ImageFolders/filtered_images/img08864.png,52.0,1
ImageFolders/filtered_images/img08865.png,35.0,1
ImageFolders/filtered_images/img08866.png,34.0,1
ImageFolders/filtered_images/img08867.png,34.0,1
ImageFolders/filtered_images/img08872.png,62.0,1
ImageFolders/filtered_images/img08873.png,62.0,1
ImageFolders/filtered_images/img08874.png,31.0,1
ImageFolders/filtered_images/img08875.png,31.0,1
ImageFolders/filtered_images/img08880.png,65.0,1
ImageFolders/filtered_images/img08881.png,65.0,1
ImageFolders/filtered_images/img08884.png,65.0,1
ImageFolders/filtered_images/img08885.png,65.0,1
ImageFolders/filtered_images/img08888.png,74.0,2
ImageFolders/filtered_images/img08894.png,70.0,2
ImageFolders/filtered_images/img08895.png,70.0,2
ImageFolders/filtered_images/img08900.png,81.0,2
ImageFolders/filtered_images/img08901.png,81.0,2
ImageFolders/filtered_images/img08915.png,66.0,1
ImageFolders/filtered_images/img08916.png,66.0,1
ImageFolders/filtered_images/img08919.png,61.0,2
ImageFolders/filtered_images/img08920.png,61.0,2
ImageFolders/filtered_images/img08924.png,70.0,1
ImageFolders/filtered_images/img08925.png,70.0,1
ImageFolders/filtered_images/img08928.png,55.0,2
ImageFolders/filtered_images/img08929.png,55.0,2
ImageFolders/filtered_images/img08942.png,83.0,2
ImageFolders/filtered_images/img08943.png,83.0,2
ImageFolders/filtered_images/img08945.png,29.0,1
ImageFolders/filtered_images/img08946.png,29.0,1
ImageFolders/filtered_images/img08952.png,74.0,2
ImageFolders/filtered_images/img08953.png,74.0,2
ImageFolders/filtered_images/img08959.png,59.0,2
ImageFolders/filtered_images/img08960.png,59.0,2
ImageFolders/filtered_images/img08963.png,77.0,2
ImageFolders/filtered_images/img08964.png,77.0,2
ImageFolders/filtered_images/img08965.png,74.0,2
ImageFolders/filtered_images/img08966.png,74.0,2
ImageFolders/filtered_images/img08981.png,72.0,1
ImageFolders/filtered_images/img08982.png,72.0,1
ImageFolders/filtered_images/img08990.png,76.0,2
ImageFolders/filtered_images/img08997.png,75.0,2
ImageFolders/filtered_images/img08998.png,75.0,2
ImageFolders/filtered_images/img09001.png,60.0,2
ImageFolders/filtered_images/img09002.png,60.0,2
ImageFolders/filtered_images/img09004.png,51.0,2
ImageFolders/filtered_images/img09008.png,73.0,2
ImageFolders/filtered_images/img09009.png,73.0,2
ImageFolders/filtered_images/img09010.png,52.0,2
ImageFolders/filtered_images/img09011.png,52.0,2
ImageFolders/filtered_images/img09030.png,53.0,2
ImageFolders/filtered_images/img09033.png,61.0,2
ImageFolders/filtered_images/img09034.png,61.0,2
ImageFolders/filtered_images/img09041.png,49.0,2
ImageFolders/filtered_images/img09048.png,76.0,2
ImageFolders/filtered_images/img09049.png,76.0,2
ImageFolders/filtered_images/img09050.png,85.0,2
ImageFolders/filtered_images/img09051.png,85.0,2
ImageFolders/filtered_images/img09060.png,27.0,2
ImageFolders/filtered_images/img09061.png,27.0,2
ImageFolders/filtered_images/img09062.png,45.0,2
ImageFolders/filtered_images/img09063.png,45.0,2
ImageFolders/filtered_images/img09064.png,29.0,2
ImageFolders/filtered_images/img09065.png,29.0,2
ImageFolders/filtered_images/img09069.png,74.0,2
ImageFolders/filtered_images/img09071.png,87.0,2
ImageFolders/filtered_images/img09072.png,87.0,2
ImageFolders/filtered_images/img09084.png,52.0,2
ImageFolders/filtered_images/img09085.png,52.0,2
ImageFolders/filtered_images/img09089.png,44.0,2
ImageFolders/filtered_images/img09093.png,78.0,2
ImageFolders/filtered_images/img09094.png,78.0,2
ImageFolders/filtered_images/img09098.png,76.0,2
ImageFolders/filtered_images/img09099.png,76.0,2
ImageFolders/filtered_images/img09100.png,91.0,2
ImageFolders/filtered_images/img09101.png,91.0,2
ImageFolders/filtered_images/img09104.png,77.0,2
ImageFolders/filtered_images/img09116.png,86.0,2
ImageFolders/filtered_images/img09119.png,77.0,2
ImageFolders/filtered_images/img09121.png,73.0,2
ImageFolders/filtered_images/img09122.png,73.0,2
ImageFolders/filtered_images/img09123.png,72.0,2
ImageFolders/filtered_images/img09133.png,59.0,2
ImageFolders/filtered_images/img09141.png,46.0,2
ImageFolders/filtered_images/img09142.png,46.0,2
ImageFolders/filtered_images/img09143.png,58.0,2
ImageFolders/filtered_images/img09144.png,58.0,2
ImageFolders/filtered_images/img09149.png,65.0,2
ImageFolders/filtered_images/img09150.png,65.0,2
ImageFolders/filtered_images/img09153.png,78.0,2
ImageFolders/filtered_images/img09165.png,49.0,1
ImageFolders/filtered_images/img09166.png,49.0,1
ImageFolders/filtered_images/img09185.png,58.0,2
ImageFolders/filtered_images/img09186.png,58.0,2
ImageFolders/filtered_images/img09187.png,73.0,2
ImageFolders/filtered_images/img09192.png,84.0,2
ImageFolders/filtered_images/img09193.png,84.0,2
ImageFolders/filtered_images/img09194.png,83.0,2
ImageFolders/filtered_images/img09195.png,83.0,2
ImageFolders/filtered_images/img09196.png,67.0,2
ImageFolders/filtered_images/img09199.png,72.0,2
ImageFolders/filtered_images/img09201.png,88.0,2
ImageFolders/filtered_images/img09203.png,56.0,2
ImageFolders/filtered_images/img09204.png,56.0,2
ImageFolders/filtered_images/img09205.png,65.0,2
ImageFolders/filtered_images/img09206.png,65.0,2
ImageFolders/filtered_images/img09207.png,72.0,2
ImageFolders/filtered_images/img09208.png,72.0,2
ImageFolders/filtered_images/img09215.png,83.0,2
ImageFolders/filtered_images/img09216.png,62.0,2
ImageFolders/filtered_images/img09217.png,62.0,2
ImageFolders/filtered_images/img09224.png,58.0,2
ImageFolders/filtered_images/img09236.png,58.0,2
ImageFolders/filtered_images/img09237.png,58.0,2
ImageFolders/filtered_images/img09244.png,68.0,2
ImageFolders/filtered_images/img09245.png,68.0,2
ImageFolders/filtered_images/img09254.png,70.0,1
ImageFolders/filtered_images/img09255.png,70.0,1
ImageFolders/filtered_images/img09257.png,78.0,1
ImageFolders/filtered_images/img09258.png,81.0,1
ImageFolders/filtered_images/img09259.png,81.0,1
ImageFolders/filtered_images/img09260.png,69.0,1
ImageFolders/filtered_images/img09261.png,69.0,1
ImageFolders/filtered_images/img09264.png,41.0,2
ImageFolders/filtered_images/img09265.png,41.0,2
ImageFolders/filtered_images/img09276.png,44.0,1
ImageFolders/filtered_images/img09277.png,44.0,1
ImageFolders/filtered_images/img09282.png,82.0,2
ImageFolders/filtered_images/img09283.png,82.0,2
ImageFolders/filtered_images/img09288.png,81.0,2
ImageFolders/filtered_images/img09289.png,81.0,2
ImageFolders/filtered_images/img09292.png,72.0,2
ImageFolders/filtered_images/img09294.png,73.0,1
ImageFolders/filtered_images/img09295.png,73.0,1
ImageFolders/filtered_images/img09297.png,47.0,2
ImageFolders/filtered_images/img09300.png,51.0,1
ImageFolders/filtered_images/img09301.png,51.0,1
ImageFolders/filtered_images/img09302.png,78.0,1
ImageFolders/filtered_images/img09303.png,78.0,1
ImageFolders/filtered_images/img09312.png,59.0,2
ImageFolders/filtered_images/img09313.png,59.0,2
ImageFolders/filtered_images/img09318.png,75.0,2
ImageFolders/filtered_images/img09319.png,75.0,2
ImageFolders/filtered_images/img09324.png,37.0,2
ImageFolders/filtered_images/img09331.png,43.0,2
ImageFolders/filtered_images/img09332.png,43.0,2
ImageFolders/filtered_images/img09333.png,88.0,2
ImageFolders/filtered_images/img09334.png,88.0,2
ImageFolders/filtered_images/img09335.png,63.0,2
ImageFolders/filtered_images/img09336.png,63.0,2
ImageFolders/filtered_images/img09347.png,55.0,2
ImageFolders/filtered_images/img09348.png,55.0,2
ImageFolders/filtered_images/img09349.png,45.0,2
ImageFolders/filtered_images/img09350.png,45.0,2
ImageFolders/filtered_images/img09355.png,69.0,2
ImageFolders/filtered_images/img09356.png,69.0,2
ImageFolders/filtered_images/img09357.png,92.0,2
ImageFolders/filtered_images/img09358.png,92.0,2
ImageFolders/filtered_images/img09363.png,13.0,2
ImageFolders/filtered_images/img09364.png,13.0,2
ImageFolders/filtered_images/img09365.png,20.0,2
ImageFolders/filtered_images/img09366.png,20.0,2
ImageFolders/filtered_images/img09374.png,84.0,1
ImageFolders/filtered_images/img09381.png,61.0,1
ImageFolders/filtered_images/img09382.png,61.0,1
ImageFolders/filtered_images/img09388.png,80.0,1
ImageFolders/filtered_images/img09389.png,87.0,1
ImageFolders/filtered_images/img09390.png,87.0,1
ImageFolders/filtered_images/img09395.png,10.0,1
ImageFolders/filtered_images/img09396.png,10.0,1
ImageFolders/filtered_images/img09397.png,71.0,2
ImageFolders/filtered_images/img09411.png,75.0,2
ImageFolders/filtered_images/img09412.png,75.0,2
ImageFolders/filtered_images/img09413.png,73.0,2
ImageFolders/filtered_images/img09414.png,73.0,2
ImageFolders/filtered_images/img09425.png,38.0,2
ImageFolders/filtered_images/img09426.png,38.0,2
ImageFolders/filtered_images/img09429.png,33.0,1
ImageFolders/filtered_images/img09430.png,33.0,1
ImageFolders/filtered_images/img09431.png,68.0,1
ImageFolders/filtered_images/img09432.png,68.0,1
ImageFolders/filtered_images/img09435.png,58.0,1
ImageFolders/filtered_images/img09436.png,58.0,1
ImageFolders/filtered_images/img09437.png,39.0,1
ImageFolders/filtered_images/img09438.png,39.0,1
ImageFolders/filtered_images/img09439.png,50.0,1
ImageFolders/filtered_images/img09440.png,50.0,1
ImageFolders/filtered_images/img09443.png,20.0,1
ImageFolders/filtered_images/img09445.png,64.0,2
ImageFolders/filtered_images/img09463.png,76.0,1
ImageFolders/filtered_images/img09464.png,39.0,1
ImageFolders/filtered_images/img09468.png,60.0,1
ImageFolders/filtered_images/img09469.png,60.0,1
ImageFolders/filtered_images/img09470.png,39.0,1
ImageFolders/filtered_images/img09473.png,57.0,1
ImageFolders/filtered_images/img09474.png,57.0,1
ImageFolders/filtered_images/img09483.png,55.0,2
ImageFolders/filtered_images/img09484.png,55.0,2
ImageFolders/filtered_images/img09491.png,67.0,2
ImageFolders/filtered_images/img09492.png,67.0,2
ImageFolders/filtered_images/img09499.png,54.0,2
ImageFolders/filtered_images/img09500.png,54.0,2
ImageFolders/filtered_images/img09501.png,49.0,2
ImageFolders/filtered_images/img09502.png,49.0,2
ImageFolders/filtered_images/img09503.png,55.0,2
ImageFolders/filtered_images/img09504.png,55.0,2
ImageFolders/filtered_images/img09507.png,71.0,2
ImageFolders/filtered_images/img09508.png,71.0,2
ImageFolders/filtered_images/img09510.png,70.0,2
ImageFolders/filtered_images/img09518.png,42.0,2
ImageFolders/filtered_images/img09519.png,42.0,2
ImageFolders/filtered_images/img09520.png,46.0,2
ImageFolders/filtered_images/img09521.png,46.0,2
ImageFolders/filtered_images/img09524.png,42.0,2
ImageFolders/filtered_images/img09525.png,42.0,2
ImageFolders/filtered_images/img09528.png,48.0,2
ImageFolders/filtered_images/img09529.png,48.0,2
ImageFolders/filtered_images/img09539.png,62.0,2
ImageFolders/filtered_images/img09540.png,62.0,2
ImageFolders/filtered_images/img09541.png,83.0,2
ImageFolders/filtered_images/img09542.png,83.0,2
ImageFolders/filtered_images/img09560.png,62.0,2
ImageFolders/filtered_images/img09561.png,62.0,2
ImageFolders/filtered_images/img09564.png,70.0,2
ImageFolders/filtered_images/img09565.png,70.0,2
ImageFolders/filtered_images/img09571.png,66.0,2
ImageFolders/filtered_images/img09572.png,66.0,2
ImageFolders/filtered_images/img09573.png,61.0,2
ImageFolders/filtered_images/img09574.png,61.0,2
ImageFolders/filtered_images/img09581.png,70.0,2
ImageFolders/filtered_images/img09582.png,70.0,2
ImageFolders/filtered_images/img09583.png,58.0,2
ImageFolders/filtered_images/img09584.png,58.0,2
ImageFolders/filtered_images/img09587.png,76.0,1
ImageFolders/filtered_images/img09588.png,76.0,1
ImageFolders/filtered_images/img09590.png,68.0,1
ImageFolders/filtered_images/img09592.png,64.0,1
ImageFolders/filtered_images/img09593.png,64.0,1
ImageFolders/filtered_images/img09603.png,73.0,2
ImageFolders/filtered_images/img09604.png,73.0,2
ImageFolders/filtered_images/img09609.png,77.0,2
ImageFolders/filtered_images/img09610.png,77.0,2
ImageFolders/filtered_images/img09611.png,84.0,2
ImageFolders/filtered_images/img09624.png,59.0,2
ImageFolders/filtered_images/img09625.png,59.0,2
ImageFolders/filtered_images/img09632.png,72.0,2
ImageFolders/filtered_images/img09633.png,72.0,2
ImageFolders/filtered_images/img09638.png,50.0,2
ImageFolders/filtered_images/img09639.png,50.0,2
ImageFolders/filtered_images/img09641.png,76.0,2
ImageFolders/filtered_images/img09646.png,54.0,2
ImageFolders/filtered_images/img09647.png,54.0,2
ImageFolders/filtered_images/img09652.png,73.0,2
ImageFolders/filtered_images/img09653.png,73.0,2
ImageFolders/filtered_images/img09657.png,49.0,2
ImageFolders/filtered_images/img09658.png,76.0,2
ImageFolders/filtered_images/img09659.png,76.0,2
ImageFolders/filtered_images/img09662.png,71.0,2
ImageFolders/filtered_images/img09663.png,71.0,2
ImageFolders/filtered_images/img09664.png,78.0,2
ImageFolders/filtered_images/img09665.png,78.0,2
ImageFolders/filtered_images/img09668.png,87.0,2
ImageFolders/filtered_images/img09669.png,87.0,2
ImageFolders/filtered_images/img09672.png,54.0,2
ImageFolders/filtered_images/img09673.png,54.0,2
ImageFolders/filtered_images/img09686.png,65.0,2
ImageFolders/filtered_images/img09689.png,54.0,2
ImageFolders/filtered_images/img09690.png,54.0,2
ImageFolders/filtered_images/img09708.png,57.0,2
ImageFolders/filtered_images/img09709.png,57.0,2
ImageFolders/filtered_images/img09710.png,79.0,2
ImageFolders/filtered_images/img09711.png,79.0,2
ImageFolders/filtered_images/img09714.png,52.0,2
ImageFolders/filtered_images/img09748.png,80.0,2
ImageFolders/filtered_images/img09749.png,80.0,2
ImageFolders/filtered_images/img09752.png,72.0,2
ImageFolders/filtered_images/img09753.png,72.0,2
ImageFolders/filtered_images/img09756.png,60.0,1
ImageFolders/filtered_images/img09775.png,61.0,2
ImageFolders/filtered_images/img09776.png,61.0,2
ImageFolders/filtered_images/img09777.png,59.0,2
ImageFolders/filtered_images/img09778.png,59.0,2
ImageFolders/filtered_images/img09784.png,70.0,2
ImageFolders/filtered_images/img09785.png,76.0,2
ImageFolders/filtered_images/img09786.png,76.0,2
ImageFolders/filtered_images/img09787.png,50.0,2
ImageFolders/filtered_images/img09791.png,66.0,2
ImageFolders/filtered_images/img09792.png,66.0,2
ImageFolders/filtered_images/img09794.png,31.0,2
ImageFolders/filtered_images/img09795.png,31.0,2
ImageFolders/filtered_images/img09804.png,11.0,2
ImageFolders/filtered_images/img09805.png,11.0,2
ImageFolders/filtered_images/img09806.png,29.0,2
ImageFolders/filtered_images/img09807.png,29.0,2
ImageFolders/filtered_images/img09808.png,29.0,2
ImageFolders/filtered_images/img09809.png,29.0,2
ImageFolders/filtered_images/img09810.png,24.0,2
ImageFolders/filtered_images/img09811.png,24.0,2
ImageFolders/filtered_images/img09812.png,58.0,2
ImageFolders/filtered_images/img09813.png,58.0,2
ImageFolders/filtered_images/img09817.png,52.0,2
ImageFolders/filtered_images/img09818.png,10.0,2
ImageFolders/filtered_images/img09839.png,53.0,1
ImageFolders/filtered_images/img09840.png,53.0,1
ImageFolders/filtered_images/img09847.png,25.0,1
ImageFolders/filtered_images/img09848.png,25.0,1
ImageFolders/filtered_images/img09861.png,59.0,1
ImageFolders/filtered_images/img09862.png,59.0,1
ImageFolders/filtered_images/img09869.png,73.0,1
ImageFolders/filtered_images/img09870.png,73.0,1
ImageFolders/filtered_images/img09872.png,83.0,1
ImageFolders/filtered_images/img09875.png,66.0,1
ImageFolders/filtered_images/img09876.png,66.0,1
ImageFolders/filtered_images/img09879.png,44.0,1
ImageFolders/filtered_images/img09880.png,44.0,1
ImageFolders/filtered_images/img09886.png,66.0,2
ImageFolders/filtered_images/img09889.png,55.0,2
ImageFolders/filtered_images/img09890.png,55.0,2
ImageFolders/filtered_images/img09891.png,45.0,2
ImageFolders/filtered_images/img09892.png,37.0,2
ImageFolders/filtered_images/img09893.png,37.0,2
ImageFolders/filtered_images/img09904.png,65.0,2
ImageFolders/filtered_images/img09905.png,65.0,2
ImageFolders/filtered_images/img09906.png,72.0,2
ImageFolders/filtered_images/img09907.png,72.0,2
ImageFolders/filtered_images/img09908.png,85.0,2
ImageFolders/filtered_images/img09909.png,85.0,2
ImageFolders/filtered_images/img09910.png,50.0,2
ImageFolders/filtered_images/img09911.png,50.0,2
ImageFolders/filtered_images/img09920.png,32.0,2
ImageFolders/filtered_images/img09921.png,32.0,2
ImageFolders/filtered_images/img09924.png,57.0,2
ImageFolders/filtered_images/img09925.png,57.0,2
ImageFolders/filtered_images/img09926.png,54.0,2
ImageFolders/filtered_images/img09927.png,54.0,2
ImageFolders/filtered_images/img09930.png,54.0,2
ImageFolders/filtered_images/img09931.png,54.0,2
ImageFolders/filtered_images/img09934.png,57.0,2
ImageFolders/filtered_images/img09935.png,57.0,2
ImageFolders/filtered_images/img09936.png,49.0,2
ImageFolders/filtered_images/img09937.png,49.0,2
ImageFolders/filtered_images/img09942.png,55.0,2
ImageFolders/filtered_images/img09946.png,51.0,2
ImageFolders/filtered_images/img09949.png,57.0,2
ImageFolders/filtered_images/img09950.png,57.0,2
ImageFolders/filtered_images/img09951.png,70.0,2
ImageFolders/filtered_images/img09952.png,70.0,2
ImageFolders/filtered_images/img09955.png,45.0,2
ImageFolders/filtered_images/img09956.png,45.0,2
ImageFolders/filtered_images/img09957.png,46.0,1
ImageFolders/filtered_images/img09958.png,46.0,1
ImageFolders/filtered_images/img09961.png,80.0,2
ImageFolders/filtered_images/img09962.png,80.0,2
ImageFolders/filtered_images/img09963.png,48.0,2
ImageFolders/filtered_images/img09964.png,48.0,2
ImageFolders/filtered_images/img09965.png,69.0,2
ImageFolders/filtered_images/img09966.png,69.0,2
ImageFolders/filtered_images/img09970.png,18.0,2
ImageFolders/filtered_images/img09977.png,78.0,1
ImageFolders/filtered_images/img09978.png,78.0,1
ImageFolders/filtered_images/img09986.png,57.0,1
ImageFolders/filtered_images/img09987.png,57.0,1
ImageFolders/filtered_images/img09988.png,86.0,1
ImageFolders/filtered_images/img09989.png,86.0,1
ImageFolders/filtered_images/img09990.png,54.0,2
ImageFolders/filtered_images/img09991.png,54.0,2
ImageFolders/filtered_images/img09996.png,48.0,2
ImageFolders/filtered_images/img10000.png,56.0,2
ImageFolders/filtered_images/img10001.png,56.0,2
ImageFolders/filtered_images/img10006.png,26.0,1
ImageFolders/filtered_images/img10007.png,26.0,1
ImageFolders/filtered_images/img10008.png,43.0,1
ImageFolders/filtered_images/img10009.png,43.0,1
ImageFolders/filtered_images/img10014.png,65.0,2
ImageFolders/filtered_images/img10015.png,65.0,2
ImageFolders/filtered_images/img10016.png,77.0,2
ImageFolders/filtered_images/img10017.png,77.0,2
ImageFolders/filtered_images/img10018.png,77.0,2
ImageFolders/filtered_images/img10022.png,38.0,2
ImageFolders/filtered_images/img10023.png,38.0,2
ImageFolders/filtered_images/img10024.png,23.0,2
ImageFolders/filtered_images/img10025.png,23.0,2
ImageFolders/filtered_images/img10042.png,31.0,2
ImageFolders/filtered_images/img10043.png,31.0,2
ImageFolders/filtered_images/img10048.png,32.0,2
ImageFolders/filtered_images/img10049.png,32.0,2
ImageFolders/filtered_images/img10051.png,27.0,2
ImageFolders/filtered_images/img10056.png,25.0,2
ImageFolders/filtered_images/img10057.png,25.0,2
ImageFolders/filtered_images/img10060.png,23.0,2
ImageFolders/filtered_images/img10067.png,72.0,2
ImageFolders/filtered_images/img10068.png,76.0,2
ImageFolders/filtered_images/img10069.png,76.0,2
ImageFolders/filtered_images/img10077.png,71.0,1
ImageFolders/filtered_images/img10078.png,71.0,1
ImageFolders/filtered_images/img10084.png,24.0,2
ImageFolders/filtered_images/img10085.png,24.0,2
ImageFolders/filtered_images/img10086.png,20.0,1
ImageFolders/filtered_images/img10087.png,20.0,1
ImageFolders/filtered_images/img10094.png,36.0,2
ImageFolders/filtered_images/img10095.png,36.0,2
ImageFolders/filtered_images/img10100.png,64.0,1
ImageFolders/filtered_images/img10101.png,64.0,1
ImageFolders/filtered_images/img10108.png,60.0,2
ImageFolders/filtered_images/img10109.png,60.0,2
ImageFolders/filtered_images/img10120.png,47.0,2
ImageFolders/filtered_images/img10121.png,47.0,2
ImageFolders/filtered_images/img10126.png,38.0,2
ImageFolders/filtered_images/img10127.png,38.0,2
ImageFolders/filtered_images/img10130.png,34.0,2
ImageFolders/filtered_images/img10131.png,34.0,2
ImageFolders/filtered_images/img10132.png,63.0,2
ImageFolders/filtered_images/img10133.png,63.0,2
ImageFolders/filtered_images/img10138.png,79.0,2
ImageFolders/filtered_images/img10139.png,79.0,2
ImageFolders/filtered_images/img10140.png,89.0,2
ImageFolders/filtered_images/img10141.png,89.0,2
ImageFolders/filtered_images/img10142.png,58.0,2
ImageFolders/filtered_images/img10143.png,58.0,2
ImageFolders/filtered_images/img10144.png,67.0,2
ImageFolders/filtered_images/img10145.png,67.0,2
ImageFolders/filtered_images/img10154.png,70.0,2
ImageFolders/filtered_images/img10155.png,70.0,2
ImageFolders/filtered_images/img10166.png,54.0,2
ImageFolders/filtered_images/img10167.png,54.0,2
ImageFolders/filtered_images/img10168.png,81.0,2
ImageFolders/filtered_images/img10176.png,62.0,2
ImageFolders/filtered_images/img10177.png,62.0,2
ImageFolders/filtered_images/img10180.png,56.0,2
ImageFolders/filtered_images/img10181.png,56.0,2
ImageFolders/filtered_images/img10190.png,69.0,1
ImageFolders/filtered_images/img10191.png,69.0,1
ImageFolders/filtered_images/img10192.png,79.0,1
ImageFolders/filtered_images/img10193.png,79.0,1
ImageFolders/filtered_images/img10202.png,63.0,1
ImageFolders/filtered_images/img10203.png,63.0,1
ImageFolders/filtered_images/img10204.png,67.0,1
ImageFolders/filtered_images/img10205.png,67.0,1
ImageFolders/filtered_images/img10206.png,64.0,1
ImageFolders/filtered_images/img10207.png,64.0,1
ImageFolders/filtered_images/img10222.png,51.0,1
ImageFolders/filtered_images/img10223.png,51.0,1
ImageFolders/filtered_images/img10226.png,57.0,1
ImageFolders/filtered_images/img10227.png,57.0,1
ImageFolders/filtered_images/img10228.png,59.0,1
ImageFolders/filtered_images/img10229.png,59.0,1
ImageFolders/filtered_images/img10230.png,65.0,1
ImageFolders/filtered_images/img10231.png,65.0,1
ImageFolders/filtered_images/img10232.png,55.0,1
ImageFolders/filtered_images/img10233.png,55.0,1
ImageFolders/filtered_images/img10248.png,50.0,1
ImageFolders/filtered_images/img10249.png,50.0,1
ImageFolders/filtered_images/img10250.png,76.0,1
ImageFolders/filtered_images/img10251.png,76.0,1
ImageFolders/filtered_images/img10256.png,76.0,1
ImageFolders/filtered_images/img10257.png,76.0,1
ImageFolders/filtered_images/img10258.png,72.0,1
ImageFolders/filtered_images/img10259.png,72.0,1
ImageFolders/filtered_images/img10260.png,82.0,1
ImageFolders/filtered_images/img10261.png,82.0,1
ImageFolders/filtered_images/img10262.png,53.0,1
ImageFolders/filtered_images/img10263.png,53.0,1
ImageFolders/filtered_images/img10276.png,71.0,1
ImageFolders/filtered_images/img10277.png,71.0,1
ImageFolders/filtered_images/img10280.png,58.0,1
ImageFolders/filtered_images/img10281.png,58.0,1
ImageFolders/filtered_images/img10284.png,50.0,1
ImageFolders/filtered_images/img10285.png,50.0,1
ImageFolders/filtered_images/img10286.png,64.0,1
ImageFolders/filtered_images/img10287.png,64.0,1
ImageFolders/filtered_images/img10288.png,72.0,1
ImageFolders/filtered_images/img10289.png,72.0,1
ImageFolders/filtered_images/img10290.png,76.0,1
ImageFolders/filtered_images/img10291.png,76.0,1
ImageFolders/filtered_images/img10294.png,56.0,1
ImageFolders/filtered_images/img10295.png,56.0,1
ImageFolders/filtered_images/img10300.png,73.0,1
ImageFolders/filtered_images/img10301.png,67.0,1
ImageFolders/filtered_images/img10303.png,72.0,1
ImageFolders/filtered_images/img10304.png,72.0,1
ImageFolders/filtered_images/img10305.png,68.0,1
ImageFolders/filtered_images/img10306.png,68.0,1
ImageFolders/filtered_images/img10311.png,63.0,1
ImageFolders/filtered_images/img10312.png,63.0,1
ImageFolders/filtered_images/img10313.png,87.0,1
ImageFolders/filtered_images/img10314.png,87.0,1
ImageFolders/filtered_images/img10329.png,69.0,1
ImageFolders/filtered_images/img10335.png,71.0,1
ImageFolders/filtered_images/img10336.png,71.0,1
ImageFolders/filtered_images/img10341.png,48.0,1
ImageFolders/filtered_images/img10342.png,48.0,1
ImageFolders/filtered_images/img10343.png,62.0,1
ImageFolders/filtered_images/img10344.png,62.0,1
ImageFolders/filtered_images/img10347.png,68.0,1
ImageFolders/filtered_images/img10348.png,68.0,1
ImageFolders/filtered_images/img10353.png,54.0,1
ImageFolders/filtered_images/img10354.png,54.0,1
ImageFolders/filtered_images/img10355.png,37.0,1
ImageFolders/filtered_images/img10356.png,37.0,1
ImageFolders/filtered_images/img10357.png,66.0,1
ImageFolders/filtered_images/img10358.png,66.0,1
ImageFolders/filtered_images/img10361.png,66.0,1
ImageFolders/filtered_images/img10364.png,74.0,1
ImageFolders/filtered_images/img10365.png,74.0,1
ImageFolders/filtered_images/img10375.png,79.0,1
ImageFolders/filtered_images/img10376.png,79.0,1
ImageFolders/filtered_images/img10386.png,89.0,1
ImageFolders/filtered_images/img10387.png,89.0,1
ImageFolders/filtered_images/img10388.png,58.0,1
ImageFolders/filtered_images/img10389.png,58.0,1
ImageFolders/filtered_images/img10390.png,87.0,1
ImageFolders/filtered_images/img10391.png,87.0,1
ImageFolders/filtered_images/img10396.png,72.0,1
ImageFolders/filtered_images/img10398.png,77.0,1
ImageFolders/filtered_images/img10399.png,69.0,1
ImageFolders/filtered_images/img10400.png,69.0,1
ImageFolders/filtered_images/img10401.png,62.0,1
ImageFolders/filtered_images/img10402.png,62.0,1
ImageFolders/filtered_images/img10407.png,77.0,1
ImageFolders/filtered_images/img10408.png,77.0,1
ImageFolders/filtered_images/img10409.png,79.0,1
ImageFolders/filtered_images/img10410.png,79.0,1
ImageFolders/filtered_images/img10413.png,68.0,1
ImageFolders/filtered_images/img10414.png,68.0,1
ImageFolders/filtered_images/img10421.png,56.0,1
ImageFolders/filtered_images/img10422.png,56.0,1
ImageFolders/filtered_images/img10425.png,69.0,1
ImageFolders/filtered_images/img10426.png,69.0,1
ImageFolders/filtered_images/img10427.png,81.0,1
ImageFolders/filtered_images/img10428.png,81.0,1
ImageFolders/filtered_images/img10429.png,48.0,1
ImageFolders/filtered_images/img10430.png,48.0,1
ImageFolders/filtered_images/img10435.png,57.0,1
ImageFolders/filtered_images/img10436.png,57.0,1
ImageFolders/filtered_images/img10437.png,66.0,1
ImageFolders/filtered_images/img10438.png,66.0,1
ImageFolders/filtered_images/img10444.png,79.0,1
ImageFolders/filtered_images/img10445.png,75.0,1
ImageFolders/filtered_images/img10446.png,75.0,1
ImageFolders/filtered_images/img10447.png,77.0,1
ImageFolders/filtered_images/img10448.png,77.0,2
ImageFolders/filtered_images/img10457.png,61.0,1
ImageFolders/filtered_images/img10458.png,61.0,1
ImageFolders/filtered_images/img10461.png,45.0,1
ImageFolders/filtered_images/img10462.png,45.0,1
ImageFolders/filtered_images/img10467.png,34.0,1
ImageFolders/filtered_images/img10468.png,34.0,1
ImageFolders/filtered_images/img10470.png,75.0,1
ImageFolders/filtered_images/img10471.png,75.0,1
ImageFolders/filtered_images/img10473.png,63.0,1
ImageFolders/filtered_images/img10476.png,67.0,1
ImageFolders/filtered_images/img10481.png,86.0,1
ImageFolders/filtered_images/img10482.png,86.0,1
ImageFolders/filtered_images/img10483.png,61.0,1
ImageFolders/filtered_images/img10484.png,61.0,1
ImageFolders/filtered_images/img10490.png,40.0,1
ImageFolders/filtered_images/img10491.png,40.0,1
ImageFolders/filtered_images/img10508.png,72.0,1
ImageFolders/filtered_images/img10509.png,72.0,1
ImageFolders/filtered_images/img10512.png,29.0,1
ImageFolders/filtered_images/img10514.png,13.0,1
ImageFolders/filtered_images/img10515.png,13.0,1
ImageFolders/filtered_images/img10520.png,83.0,1
ImageFolders/filtered_images/img10521.png,83.0,1
ImageFolders/filtered_images/img10541.png,75.0,1
ImageFolders/filtered_images/img10542.png,75.0,1
ImageFolders/filtered_images/img10554.png,67.0,1
ImageFolders/filtered_images/img10555.png,83.0,1
ImageFolders/filtered_images/img10556.png,83.0,1
ImageFolders/filtered_images/img10561.png,73.0,1
ImageFolders/filtered_images/img10562.png,73.0,1
ImageFolders/filtered_images/img10563.png,63.0,1
ImageFolders/filtered_images/img10564.png,63.0,1
ImageFolders/filtered_images/img10565.png,74.0,1
ImageFolders/filtered_images/img10566.png,74.0,1
ImageFolders/filtered_images/img10570.png,69.0,1
ImageFolders/filtered_images/img10573.png,71.0,1
ImageFolders/filtered_images/img10574.png,71.0,1
ImageFolders/filtered_images/img10575.png,70.0,1
ImageFolders/filtered_images/img10576.png,70.0,1
ImageFolders/filtered_images/img10579.png,67.0,1
ImageFolders/filtered_images/img10580.png,67.0,1
ImageFolders/filtered_images/img10581.png,76.0,2
ImageFolders/filtered_images/img10582.png,76.0,2
ImageFolders/filtered_images/img10589.png,42.0,2
ImageFolders/filtered_images/img10590.png,42.0,2
ImageFolders/filtered_images/img10596.png,47.0,2
ImageFolders/filtered_images/img10597.png,47.0,2
ImageFolders/filtered_images/img10598.png,54.0,1
ImageFolders/filtered_images/img10599.png,54.0,1
ImageFolders/filtered_images/img10600.png,69.0,1
ImageFolders/filtered_images/img10601.png,69.0,1
ImageFolders/filtered_images/img10608.png,64.0,1
ImageFolders/filtered_images/img10609.png,64.0,1
ImageFolders/filtered_images/img10612.png,42.0,1
ImageFolders/filtered_images/img10613.png,42.0,1
ImageFolders/filtered_images/img10617.png,20.0,1
ImageFolders/filtered_images/img10618.png,20.0,1
ImageFolders/filtered_images/img10626.png,37.0,2
ImageFolders/filtered_images/img10627.png,37.0,2
ImageFolders/filtered_images/img10628.png,48.0,2
ImageFolders/filtered_images/img10629.png,48.0,2
ImageFolders/filtered_images/img10632.png,54.0,2
ImageFolders/filtered_images/img10633.png,54.0,2
ImageFolders/filtered_images/img10638.png,84.0,1
ImageFolders/filtered_images/img10639.png,84.0,1
ImageFolders/filtered_images/img10642.png,32.0,1
ImageFolders/filtered_images/img10643.png,32.0,1
ImageFolders/filtered_images/img10647.png,25.0,1
ImageFolders/filtered_images/img10648.png,25.0,1
ImageFolders/filtered_images/img10651.png,25.0,1
ImageFolders/filtered_images/img10652.png,25.0,1
ImageFolders/filtered_images/img10655.png,62.0,1
ImageFolders/filtered_images/img10656.png,62.0,1
ImageFolders/filtered_images/img10661.png,63.0,1
ImageFolders/filtered_images/img10662.png,63.0,1
ImageFolders/filtered_images/img10663.png,36.0,1
ImageFolders/filtered_images/img10664.png,36.0,1
ImageFolders/filtered_images/img10677.png,55.0,1
ImageFolders/filtered_images/img10678.png,55.0,1
ImageFolders/filtered_images/img10682.png,52.0,1
ImageFolders/filtered_images/img10683.png,52.0,1
ImageFolders/filtered_images/img10686.png,40.0,1
ImageFolders/filtered_images/img10687.png,40.0,1
ImageFolders/filtered_images/img10688.png,76.0,1
ImageFolders/filtered_images/img10689.png,76.0,1
ImageFolders/filtered_images/img10690.png,74.0,1
ImageFolders/filtered_images/img10691.png,74.0,1
ImageFolders/filtered_images/img10693.png,87.0,1
ImageFolders/filtered_images/img10703.png,81.0,1
ImageFolders/filtered_images/img10704.png,81.0,1
ImageFolders/filtered_images/img10705.png,21.0,1
ImageFolders/filtered_images/img10706.png,21.0,1
ImageFolders/filtered_images/img10711.png,74.0,1
ImageFolders/filtered_images/img10712.png,74.0,1
ImageFolders/filtered_images/img10713.png,54.0,1
ImageFolders/filtered_images/img10714.png,54.0,1
ImageFolders/filtered_images/img10722.png,20.0,1
ImageFolders/filtered_images/img10723.png,20.0,1
ImageFolders/filtered_images/img10724.png,67.0,1
ImageFolders/filtered_images/img10725.png,67.0,1
ImageFolders/filtered_images/img10726.png,65.0,1
ImageFolders/filtered_images/img10727.png,65.0,1
ImageFolders/filtered_images/img10733.png,64.0,1
ImageFolders/filtered_images/img10734.png,64.0,1
ImageFolders/filtered_images/img10735.png,81.0,1
ImageFolders/filtered_images/img10736.png,81.0,1
ImageFolders/filtered_images/img10741.png,58.0,1
ImageFolders/filtered_images/img10742.png,58.0,1
ImageFolders/filtered_images/img10749.png,67.0,1
ImageFolders/filtered_images/img10750.png,67.0,1
ImageFolders/filtered_images/img10755.png,70.0,1
ImageFolders/filtered_images/img10756.png,70.0,1
ImageFolders/filtered_images/img10759.png,51.0,1
ImageFolders/filtered_images/img10760.png,51.0,1
ImageFolders/filtered_images/img10768.png,43.0,1
ImageFolders/filtered_images/img10769.png,43.0,1
ImageFolders/filtered_images/img10770.png,75.0,1
ImageFolders/filtered_images/img10771.png,75.0,1
ImageFolders/filtered_images/img10778.png,51.0,1
ImageFolders/filtered_images/img10779.png,51.0,1
ImageFolders/filtered_images/img10780.png,73.0,1
ImageFolders/filtered_images/img10781.png,73.0,1
ImageFolders/filtered_images/img10782.png,67.0,1
ImageFolders/filtered_images/img10783.png,87.0,1
ImageFolders/filtered_images/img10796.png,59.0,1
ImageFolders/filtered_images/img10797.png,59.0,1
ImageFolders/filtered_images/img10798.png,75.0,1
ImageFolders/filtered_images/img10799.png,75.0,1
ImageFolders/filtered_images/img10803.png,49.0,1
ImageFolders/filtered_images/img10804.png,49.0,1
ImageFolders/filtered_images/img10814.png,55.0,1
ImageFolders/filtered_images/img10815.png,55.0,1
ImageFolders/filtered_images/img10824.png,75.0,1
ImageFolders/filtered_images/img10825.png,75.0,1
ImageFolders/filtered_images/img10826.png,76.0,1
ImageFolders/filtered_images/img10827.png,76.0,1
ImageFolders/filtered_images/img10830.png,83.0,1
ImageFolders/filtered_images/img10831.png,83.0,1
ImageFolders/filtered_images/img10834.png,58.0,1
ImageFolders/filtered_images/img10835.png,58.0,1
ImageFolders/filtered_images/img10845.png,59.0,1
ImageFolders/filtered_images/img10846.png,75.0,1
ImageFolders/filtered_images/img10847.png,75.0,1
ImageFolders/filtered_images/img10848.png,74.0,1
ImageFolders/filtered_images/img10849.png,74.0,1
ImageFolders/filtered_images/img10856.png,67.0,1
ImageFolders/filtered_images/img10857.png,67.0,1
ImageFolders/filtered_images/img10860.png,58.0,1
ImageFolders/filtered_images/img10861.png,58.0,1
ImageFolders/filtered_images/img10880.png,69.0,1
ImageFolders/filtered_images/img10881.png,69.0,1
ImageFolders/filtered_images/img10888.png,51.0,1
ImageFolders/filtered_images/img10889.png,51.0,1
ImageFolders/filtered_images/img10893.png,53.0,1
ImageFolders/filtered_images/img10894.png,53.0,1
ImageFolders/filtered_images/img10899.png,61.0,1
ImageFolders/filtered_images/img10900.png,61.0,1
ImageFolders/filtered_images/img10901.png,65.0,1
ImageFolders/filtered_images/img10902.png,65.0,1
ImageFolders/filtered_images/img10903.png,36.0,1
ImageFolders/filtered_images/img10904.png,36.0,1
ImageFolders/filtered_images/img10911.png,59.0,1
ImageFolders/filtered_images/img10916.png,83.0,1
ImageFolders/filtered_images/img10917.png,83.0,1
ImageFolders/filtered_images/img10920.png,62.0,1
ImageFolders/filtered_images/img10921.png,44.0,1
ImageFolders/filtered_images/img10922.png,61.0,1
ImageFolders/filtered_images/img10923.png,61.0,1
ImageFolders/filtered_images/img10929.png,42.0,1
ImageFolders/filtered_images/img10930.png,42.0,1
ImageFolders/filtered_images/img10933.png,56.0,1
ImageFolders/filtered_images/img10934.png,56.0,1
ImageFolders/filtered_images/img10947.png,66.0,1
ImageFolders/filtered_images/img10948.png,66.0,1
ImageFolders/filtered_images/img10957.png,71.0,1
ImageFolders/filtered_images/img10958.png,71.0,1
ImageFolders/filtered_images/img10961.png,62.0,1
ImageFolders/filtered_images/img10962.png,62.0,1
ImageFolders/filtered_images/img10976.png,73.0,1
ImageFolders/filtered_images/img10977.png,73.0,1
ImageFolders/filtered_images/img10978.png,62.0,1
ImageFolders/filtered_images/img10983.png,69.0,1
ImageFolders/filtered_images/img10984.png,69.0,1
ImageFolders/filtered_images/img10991.png,64.0,1
ImageFolders/filtered_images/img10992.png,64.0,1
ImageFolders/filtered_images/img10995.png,72.0,1
ImageFolders/filtered_images/img10996.png,72.0,1
ImageFolders/filtered_images/img10997.png,77.0,1
ImageFolders/filtered_images/img10998.png,77.0,1
ImageFolders/filtered_images/img10999.png,39.0,1
ImageFolders/filtered_images/img11000.png,39.0,1
ImageFolders/filtered_images/img11001.png,48.0,1
ImageFolders/filtered_images/img11003.png,47.0,1
ImageFolders/filtered_images/img11004.png,47.0,1
ImageFolders/filtered_images/img11005.png,65.0,1
ImageFolders/filtered_images/img11006.png,65.0,1
ImageFolders/filtered_images/img11015.png,67.0,1
ImageFolders/filtered_images/img11016.png,67.0,1
ImageFolders/filtered_images/img11017.png,67.0,1
ImageFolders/filtered_images/img11022.png,71.0,1
ImageFolders/filtered_images/img11023.png,71.0,1
ImageFolders/filtered_images/img11024.png,67.0,1
ImageFolders/filtered_images/img11025.png,67.0,1
ImageFolders/filtered_images/img11031.png,83.0,1
ImageFolders/filtered_images/img11056.png,64.0,1
ImageFolders/filtered_images/img11057.png,64.0,1
ImageFolders/filtered_images/img11061.png,71.0,1
ImageFolders/filtered_images/img11062.png,64.0,1
ImageFolders/filtered_images/img11063.png,64.0,1
ImageFolders/filtered_images/img11064.png,56.0,1
ImageFolders/filtered_images/img11065.png,56.0,1
ImageFolders/filtered_images/img11067.png,50.0,1
ImageFolders/filtered_images/img11068.png,50.0,1
ImageFolders/filtered_images/img11072.png,36.0,1
ImageFolders/filtered_images/img11085.png,59.0,1
ImageFolders/filtered_images/img11086.png,59.0,1
ImageFolders/filtered_images/img11093.png,54.0,1
ImageFolders/filtered_images/img11094.png,54.0,1
ImageFolders/filtered_images/img11099.png,45.0,1
ImageFolders/filtered_images/img11100.png,45.0,1
ImageFolders/filtered_images/img11105.png,71.0,1
ImageFolders/filtered_images/img11106.png,71.0,1
ImageFolders/filtered_images/img11112.png,66.0,1
ImageFolders/filtered_images/img11115.png,52.0,1
ImageFolders/filtered_images/img11116.png,52.0,1
ImageFolders/filtered_images/img11119.png,70.0,1
ImageFolders/filtered_images/img11120.png,70.0,1
ImageFolders/filtered_images/img11125.png,80.0,1
ImageFolders/filtered_images/img11126.png,80.0,1
ImageFolders/filtered_images/img11130.png,48.0,1
ImageFolders/filtered_images/img11131.png,48.0,1
ImageFolders/filtered_images/img11132.png,48.0,1
ImageFolders/filtered_images/img11133.png,48.0,1
ImageFolders/filtered_images/img11136.png,82.0,1
ImageFolders/filtered_images/img11137.png,74.0,1
ImageFolders/filtered_images/img11143.png,69.0,1
ImageFolders/filtered_images/img11144.png,69.0,1
ImageFolders/filtered_images/img11146.png,61.0,1
ImageFolders/filtered_images/img11147.png,61.0,1
ImageFolders/filtered_images/img11148.png,54.0,1
ImageFolders/filtered_images/img11149.png,54.0,1
ImageFolders/filtered_images/img11155.png,69.0,1
ImageFolders/filtered_images/img11164.png,74.0,1
ImageFolders/filtered_images/img11165.png,74.0,1
ImageFolders/filtered_images/img11168.png,62.0,1
ImageFolders/filtered_images/img11169.png,62.0,1
ImageFolders/filtered_images/img11170.png,55.0,1
ImageFolders/filtered_images/img11171.png,55.0,1
ImageFolders/filtered_images/img11180.png,69.0,1
ImageFolders/filtered_images/img11181.png,69.0,1
ImageFolders/filtered_images/img11216.png,76.0,1
ImageFolders/filtered_images/img11217.png,76.0,1
ImageFolders/filtered_images/img11218.png,84.0,1
ImageFolders/filtered_images/img11219.png,63.0,1
ImageFolders/filtered_images/img11220.png,63.0,1
ImageFolders/filtered_images/img11222.png,56.0,1
ImageFolders/filtered_images/img11224.png,50.0,1
ImageFolders/filtered_images/img11225.png,50.0,1
ImageFolders/filtered_images/img11230.png,71.0,1
ImageFolders/filtered_images/img11231.png,71.0,1
ImageFolders/filtered_images/img11232.png,85.0,1
ImageFolders/filtered_images/img11233.png,85.0,1
ImageFolders/filtered_images/img11234.png,61.0,1
ImageFolders/filtered_images/img11235.png,61.0,1
ImageFolders/filtered_images/img11246.png,77.0,1
ImageFolders/filtered_images/img11251.png,79.0,1
ImageFolders/filtered_images/img11252.png,79.0,1
ImageFolders/filtered_images/img11259.png,83.0,1
ImageFolders/filtered_images/img11269.png,60.0,1
ImageFolders/filtered_images/img11270.png,60.0,1
ImageFolders/filtered_images/img11273.png,54.0,1
ImageFolders/filtered_images/img11274.png,54.0,1
ImageFolders/filtered_images/img11277.png,54.0,1
ImageFolders/filtered_images/img11283.png,79.0,1
ImageFolders/filtered_images/img11284.png,79.0,1
ImageFolders/filtered_images/img11296.png,69.0,1
ImageFolders/filtered_images/img11297.png,69.0,1
ImageFolders/filtered_images/img11300.png,78.0,1
ImageFolders/filtered_images/img11303.png,74.0,1
ImageFolders/filtered_images/img11304.png,74.0,1
ImageFolders/filtered_images/img11307.png,51.0,1
ImageFolders/filtered_images/img11308.png,51.0,1
ImageFolders/filtered_images/img11311.png,83.0,1
ImageFolders/filtered_images/img11312.png,83.0,1
ImageFolders/filtered_images/img11313.png,67.0,1
ImageFolders/filtered_images/img11314.png,67.0,1
ImageFolders/filtered_images/img11315.png,59.0,1
ImageFolders/filtered_images/img11316.png,59.0,1
ImageFolders/filtered_images/img11322.png,52.0,1
ImageFolders/filtered_images/img11323.png,52.0,1
ImageFolders/filtered_images/img11330.png,64.0,1
ImageFolders/filtered_images/img11332.png,87.0,1
ImageFolders/filtered_images/img11333.png,87.0,1
ImageFolders/filtered_images/img11334.png,76.0,1
ImageFolders/filtered_images/img11335.png,76.0,1
ImageFolders/filtered_images/img11336.png,59.0,1
ImageFolders/filtered_images/img11343.png,60.0,1
ImageFolders/filtered_images/img11344.png,60.0,1
ImageFolders/filtered_images/img11353.png,62.0,1
ImageFolders/filtered_images/img11354.png,62.0,1
ImageFolders/filtered_images/img11360.png,73.0,1
ImageFolders/filtered_images/img11361.png,64.0,1
ImageFolders/filtered_images/img11362.png,64.0,1
ImageFolders/filtered_images/img11365.png,44.0,1
ImageFolders/filtered_images/img11366.png,44.0,1
ImageFolders/filtered_images/img11369.png,63.0,1
ImageFolders/filtered_images/img11370.png,63.0,1
ImageFolders/filtered_images/img11373.png,78.0,1
ImageFolders/filtered_images/img11374.png,78.0,1
ImageFolders/filtered_images/img11375.png,50.0,1
ImageFolders/filtered_images/img11380.png,68.0,1
ImageFolders/filtered_images/img11381.png,68.0,1
ImageFolders/filtered_images/img11388.png,76.0,1
ImageFolders/filtered_images/img11389.png,76.0,1
ImageFolders/filtered_images/img11392.png,51.0,1
ImageFolders/filtered_images/img11393.png,51.0,1
ImageFolders/filtered_images/img11407.png,50.0,1
ImageFolders/filtered_images/img11408.png,50.0,1
ImageFolders/filtered_images/img11415.png,69.0,1
ImageFolders/filtered_images/img11416.png,69.0,1
ImageFolders/filtered_images/img11421.png,52.0,1
ImageFolders/filtered_images/img11422.png,52.0,1
ImageFolders/filtered_images/img11423.png,64.0,1
ImageFolders/filtered_images/img11424.png,64.0,1
ImageFolders/filtered_images/img11425.png,83.0,1
ImageFolders/filtered_images/img11434.png,55.0,1
ImageFolders/filtered_images/img11435.png,55.0,1
ImageFolders/filtered_images/img11436.png,48.0,2
ImageFolders/filtered_images/img11437.png,48.0,2
ImageFolders/filtered_images/img11444.png,64.0,2
ImageFolders/filtered_images/img11445.png,64.0,2
ImageFolders/filtered_images/img11446.png,52.0,2
ImageFolders/filtered_images/img11447.png,52.0,2
ImageFolders/filtered_images/img11448.png,50.0,2
ImageFolders/filtered_images/img11449.png,50.0,2
ImageFolders/filtered_images/img11450.png,88.0,2
ImageFolders/filtered_images/img11453.png,77.0,2
ImageFolders/filtered_images/img11454.png,77.0,2
ImageFolders/filtered_images/img11461.png,77.0,2
ImageFolders/filtered_images/img11462.png,77.0,2
ImageFolders/filtered_images/img11467.png,66.0,2
ImageFolders/filtered_images/img11468.png,68.0,2
ImageFolders/filtered_images/img11469.png,68.0,2
ImageFolders/filtered_images/img11470.png,71.0,2
ImageFolders/filtered_images/img11471.png,71.0,2
ImageFolders/filtered_images/img11481.png,73.0,2
ImageFolders/filtered_images/img11482.png,73.0,2
ImageFolders/filtered_images/img11485.png,72.0,2
ImageFolders/filtered_images/img11486.png,72.0,2
ImageFolders/filtered_images/img11487.png,42.0,2
ImageFolders/filtered_images/img11488.png,42.0,2
ImageFolders/filtered_images/img11491.png,76.0,2
ImageFolders/filtered_images/img11492.png,76.0,2
ImageFolders/filtered_images/img11493.png,76.0,2
ImageFolders/filtered_images/img11494.png,76.0,2
ImageFolders/filtered_images/img11498.png,73.0,2
ImageFolders/filtered_images/img11499.png,62.0,2
ImageFolders/filtered_images/img11501.png,44.0,2
ImageFolders/filtered_images/img11502.png,44.0,2
ImageFolders/filtered_images/img11503.png,65.0,2
ImageFolders/filtered_images/img11504.png,65.0,2
ImageFolders/filtered_images/img11507.png,74.0,2
ImageFolders/filtered_images/img11508.png,74.0,2
ImageFolders/filtered_images/img11519.png,50.0,2
ImageFolders/filtered_images/img11520.png,50.0,2
ImageFolders/filtered_images/img11521.png,61.0,2
ImageFolders/filtered_images/img11522.png,61.0,2
ImageFolders/filtered_images/img11523.png,57.0,2
ImageFolders/filtered_images/img11524.png,57.0,2
ImageFolders/filtered_images/img11529.png,73.0,2
ImageFolders/filtered_images/img11530.png,73.0,2
ImageFolders/filtered_images/img11539.png,76.0,2
ImageFolders/filtered_images/img11540.png,51.0,2
ImageFolders/filtered_images/img11541.png,51.0,2
ImageFolders/filtered_images/img11542.png,66.0,2
ImageFolders/filtered_images/img11543.png,66.0,2
ImageFolders/filtered_images/img11546.png,69.0,2
ImageFolders/filtered_images/img11547.png,69.0,2
ImageFolders/filtered_images/img11558.png,56.0,2
ImageFolders/filtered_images/img11559.png,56.0,2
ImageFolders/filtered_images/img11560.png,78.0,2
ImageFolders/filtered_images/img11566.png,78.0,2
ImageFolders/filtered_images/img11567.png,78.0,2
ImageFolders/filtered_images/img11570.png,35.0,2
ImageFolders/filtered_images/img11571.png,35.0,2
ImageFolders/filtered_images/img11575.png,59.0,2
ImageFolders/filtered_images/img11576.png,59.0,2
ImageFolders/filtered_images/img11579.png,47.0,1
ImageFolders/filtered_images/img11580.png,47.0,1
ImageFolders/filtered_images/img11585.png,59.0,2
ImageFolders/filtered_images/img11586.png,59.0,2
ImageFolders/filtered_images/img11587.png,40.0,2
ImageFolders/filtered_images/img11588.png,40.0,2
ImageFolders/filtered_images/img11591.png,45.0,1
ImageFolders/filtered_images/img11592.png,45.0,1
ImageFolders/filtered_images/img11593.png,42.0,1
ImageFolders/filtered_images/img11594.png,42.0,1
ImageFolders/filtered_images/img11596.png,58.0,1
ImageFolders/filtered_images/img11599.png,78.0,2
ImageFolders/filtered_images/img11600.png,78.0,2
ImageFolders/filtered_images/img11601.png,81.0,2
ImageFolders/filtered_images/img11602.png,81.0,2
ImageFolders/filtered_images/img11623.png,62.0,1
ImageFolders/filtered_images/img11624.png,62.0,1
ImageFolders/filtered_images/img11627.png,78.0,1
ImageFolders/filtered_images/img11630.png,35.0,2
ImageFolders/filtered_images/img11631.png,35.0,2
ImageFolders/filtered_images/img11637.png,38.0,2
ImageFolders/filtered_images/img11638.png,38.0,2
ImageFolders/filtered_images/img11639.png,66.0,1
ImageFolders/filtered_images/img11640.png,36.0,1
ImageFolders/filtered_images/img11641.png,36.0,1
ImageFolders/filtered_images/img11645.png,22.0,1
ImageFolders/filtered_images/img11646.png,22.0,1
ImageFolders/filtered_images/img11647.png,57.0,1
ImageFolders/filtered_images/img11648.png,57.0,1
ImageFolders/filtered_images/img11651.png,56.0,1
ImageFolders/filtered_images/img11652.png,67.0,1
ImageFolders/filtered_images/img11653.png,67.0,1
ImageFolders/filtered_images/img11654.png,63.0,1
ImageFolders/filtered_images/img11655.png,63.0,1
ImageFolders/filtered_images/img11658.png,62.0,2
ImageFolders/filtered_images/img11659.png,62.0,2
ImageFolders/filtered_images/img11662.png,90.0,2
ImageFolders/filtered_images/img11663.png,80.0,2
ImageFolders/filtered_images/img11664.png,80.0,2
ImageFolders/filtered_images/img11670.png,27.0,2
ImageFolders/filtered_images/img11671.png,27.0,2
ImageFolders/filtered_images/img11676.png,30.0,2
ImageFolders/filtered_images/img11679.png,58.0,1
ImageFolders/filtered_images/img11680.png,58.0,1
ImageFolders/filtered_images/img11684.png,55.0,1
ImageFolders/filtered_images/img11685.png,52.0,1
ImageFolders/filtered_images/img11686.png,52.0,1
ImageFolders/filtered_images/img11691.png,66.0,1
ImageFolders/filtered_images/img11692.png,66.0,1
ImageFolders/filtered_images/img11693.png,39.0,1
ImageFolders/filtered_images/img11694.png,39.0,1
ImageFolders/filtered_images/img11701.png,45.0,2
ImageFolders/filtered_images/img11702.png,45.0,2
ImageFolders/filtered_images/img11709.png,61.0,2
ImageFolders/filtered_images/img11710.png,61.0,2
ImageFolders/filtered_images/img11711.png,75.0,2
ImageFolders/filtered_images/img11713.png,65.0,2
ImageFolders/filtered_images/img11714.png,65.0,2
ImageFolders/filtered_images/img11715.png,81.0,2
ImageFolders/filtered_images/img11716.png,81.0,2
ImageFolders/filtered_images/img11725.png,85.0,2
ImageFolders/filtered_images/img11726.png,85.0,2
ImageFolders/filtered_images/img11729.png,73.0,2
ImageFolders/filtered_images/img11730.png,73.0,2
ImageFolders/filtered_images/img11733.png,92.0,2
ImageFolders/filtered_images/img11734.png,92.0,2
ImageFolders/filtered_images/img11735.png,77.0,2
ImageFolders/filtered_images/img11736.png,77.0,2
ImageFolders/filtered_images/img11737.png,57.0,2
ImageFolders/filtered_images/img11742.png,49.0,2
ImageFolders/filtered_images/img11743.png,49.0,2
ImageFolders/filtered_images/img11744.png,14.0,2
ImageFolders/filtered_images/img11745.png,14.0,2
ImageFolders/filtered_images/img11746.png,61.0,2
ImageFolders/filtered_images/img11747.png,61.0,2
ImageFolders/filtered_images/img11748.png,81.0,2
ImageFolders/filtered_images/img11749.png,81.0,2
ImageFolders/filtered_images/img11752.png,64.0,2
ImageFolders/filtered_images/img11753.png,64.0,2
ImageFolders/filtered_images/img11759.png,21.0,2
ImageFolders/filtered_images/img11760.png,21.0,2
ImageFolders/filtered_images/img11761.png,12.0,2
ImageFolders/filtered_images/img11762.png,12.0,2
ImageFolders/filtered_images/img11766.png,76.0,2
ImageFolders/filtered_images/img11767.png,76.0,2
ImageFolders/filtered_images/img11768.png,83.0,2
ImageFolders/filtered_images/img11784.png,73.0,2
ImageFolders/filtered_images/img11785.png,73.0,2
ImageFolders/filtered_images/img11792.png,19.0,2
ImageFolders/filtered_images/img11793.png,19.0,2
ImageFolders/filtered_images/img11794.png,20.0,2
ImageFolders/filtered_images/img11795.png,20.0,2
ImageFolders/filtered_images/img11800.png,36.0,2
ImageFolders/filtered_images/img11801.png,36.0,2
ImageFolders/filtered_images/img11802.png,34.0,2
ImageFolders/filtered_images/img11803.png,34.0,2
ImageFolders/filtered_images/img11804.png,38.0,2
ImageFolders/filtered_images/img11805.png,38.0,2
ImageFolders/filtered_images/img11808.png,36.0,2
ImageFolders/filtered_images/img11811.png,24.0,2
ImageFolders/filtered_images/img11812.png,64.0,1
ImageFolders/filtered_images/img11813.png,64.0,1
ImageFolders/filtered_images/img11818.png,88.0,2
ImageFolders/filtered_images/img11825.png,67.0,2
ImageFolders/filtered_images/img11826.png,67.0,2
ImageFolders/filtered_images/img11835.png,58.0,1
ImageFolders/filtered_images/img11836.png,58.0,1
ImageFolders/filtered_images/img11837.png,67.0,1
ImageFolders/filtered_images/img11838.png,67.0,1
ImageFolders/filtered_images/img11841.png,34.0,1
ImageFolders/filtered_images/img11842.png,34.0,1
ImageFolders/filtered_images/img11843.png,43.0,1
ImageFolders/filtered_images/img11844.png,43.0,1
ImageFolders/filtered_images/img11845.png,29.0,1
ImageFolders/filtered_images/img11846.png,29.0,1
ImageFolders/filtered_images/img11849.png,80.0,1
ImageFolders/filtered_images/img11850.png,80.0,1
ImageFolders/filtered_images/img11851.png,70.0,1
ImageFolders/filtered_images/img11852.png,70.0,1
ImageFolders/filtered_images/img11853.png,79.0,1
ImageFolders/filtered_images/img11854.png,79.0,1
ImageFolders/filtered_images/img11855.png,76.0,1
ImageFolders/filtered_images/img11856.png,76.0,1
ImageFolders/filtered_images/img11858.png,68.0,1
ImageFolders/filtered_images/img11859.png,68.0,1
ImageFolders/filtered_images/img11862.png,56.0,1
ImageFolders/filtered_images/img11863.png,56.0,1
ImageFolders/filtered_images/img11866.png,67.0,1
ImageFolders/filtered_images/img11869.png,78.0,1
ImageFolders/filtered_images/img11870.png,78.0,1
ImageFolders/filtered_images/img11871.png,73.0,1
ImageFolders/filtered_images/img11872.png,73.0,1
ImageFolders/filtered_images/img11873.png,55.0,1
ImageFolders/filtered_images/img11874.png,55.0,1
ImageFolders/filtered_images/img11875.png,79.0,1
ImageFolders/filtered_images/img11876.png,79.0,1
ImageFolders/filtered_images/img11885.png,58.0,1
ImageFolders/filtered_images/img11886.png,58.0,1
ImageFolders/filtered_images/img11887.png,47.0,1
ImageFolders/filtered_images/img11897.png,47.0,2
ImageFolders/filtered_images/img11898.png,47.0,2
ImageFolders/filtered_images/img11909.png,54.0,2
ImageFolders/filtered_images/img11910.png,54.0,2
ImageFolders/filtered_images/img11913.png,13.0,1
ImageFolders/filtered_images/img11914.png,13.0,1
ImageFolders/filtered_images/img11916.png,10.0,1
ImageFolders/filtered_images/img11917.png,23.0,1
ImageFolders/filtered_images/img11918.png,25.0,1
ImageFolders/filtered_images/img11922.png,21.0,1
ImageFolders/filtered_images/img11923.png,21.0,1
ImageFolders/filtered_images/img11926.png,38.0,2
ImageFolders/filtered_images/img11927.png,38.0,2
ImageFolders/filtered_images/img11936.png,23.0,2
ImageFolders/filtered_images/img11938.png,32.0,2
ImageFolders/filtered_images/img11939.png,32.0,2
ImageFolders/filtered_images/img11940.png,47.0,2
ImageFolders/filtered_images/img11941.png,47.0,2
ImageFolders/filtered_images/img11942.png,25.0,2
ImageFolders/filtered_images/img11943.png,25.0,2
ImageFolders/filtered_images/img11948.png,35.0,2
ImageFolders/filtered_images/img11949.png,35.0,2
ImageFolders/filtered_images/img11950.png,24.0,2
ImageFolders/filtered_images/img11951.png,24.0,2
ImageFolders/filtered_images/img11958.png,43.0,2
ImageFolders/filtered_images/img11959.png,43.0,2
ImageFolders/filtered_images/img11966.png,48.0,2
ImageFolders/filtered_images/img11968.png,39.0,2
ImageFolders/filtered_images/img11969.png,39.0,2
ImageFolders/filtered_images/img11973.png,9.0,1
ImageFolders/filtered_images/img11976.png,15.0,1
ImageFolders/filtered_images/img11977.png,15.0,1
ImageFolders/filtered_images/img11978.png,15.0,1
ImageFolders/filtered_images/img11984.png,75.0,2
ImageFolders/filtered_images/img11985.png,75.0,2
ImageFolders/filtered_images/img11990.png,43.0,2
ImageFolders/filtered_images/img11991.png,43.0,2
ImageFolders/filtered_images/img11994.png,40.0,2
ImageFolders/filtered_images/img11995.png,40.0,2
ImageFolders/filtered_images/img11996.png,36.0,2
ImageFolders/filtered_images/img12002.png,39.0,2
ImageFolders/filtered_images/img12003.png,39.0,2
ImageFolders/filtered_images/img12015.png,43.0,2
ImageFolders/filtered_images/img12016.png,43.0,2
ImageFolders/filtered_images/img12025.png,27.0,1
ImageFolders/filtered_images/img12026.png,27.0,1
ImageFolders/filtered_images/img12027.png,84.0,2
ImageFolders/filtered_images/img12028.png,84.0,2
ImageFolders/filtered_images/img12033.png,65.0,2
ImageFolders/filtered_images/img12034.png,65.0,2
ImageFolders/filtered_images/img12035.png,93.0,2
ImageFolders/filtered_images/img12036.png,93.0,2
ImageFolders/filtered_images/img12037.png,76.0,2
ImageFolders/filtered_images/img12038.png,76.0,2
ImageFolders/filtered_images/img12045.png,81.0,2
ImageFolders/filtered_images/img12046.png,81.0,2
ImageFolders/filtered_images/img12047.png,81.0,2
ImageFolders/filtered_images/img12048.png,81.0,2
ImageFolders/filtered_images/img12049.png,89.0,1
ImageFolders/filtered_images/img12050.png,89.0,1
ImageFolders/filtered_images/img12051.png,89.0,2
ImageFolders/filtered_images/img12052.png,89.0,2
ImageFolders/filtered_images/img12053.png,44.0,1
ImageFolders/filtered_images/img12054.png,44.0,1
ImageFolders/filtered_images/img12065.png,58.0,1
ImageFolders/filtered_images/img12066.png,58.0,1
ImageFolders/filtered_images/img12067.png,63.0,1
ImageFolders/filtered_images/img12068.png,63.0,1
ImageFolders/filtered_images/img12073.png,75.0,1
ImageFolders/filtered_images/img12074.png,75.0,1
ImageFolders/filtered_images/img12084.png,17.0,2
ImageFolders/filtered_images/img12085.png,17.0,2
ImageFolders/filtered_images/img12086.png,19.0,2
ImageFolders/filtered_images/img12087.png,19.0,2
ImageFolders/filtered_images/img12090.png,32.0,2
ImageFolders/filtered_images/img12091.png,32.0,2
ImageFolders/filtered_images/img12102.png,11.0,2
ImageFolders/filtered_images/img12103.png,11.0,2
ImageFolders/filtered_images/img12110.png,31.0,2
ImageFolders/filtered_images/img12111.png,31.0,2
ImageFolders/filtered_images/img12112.png,29.0,2
ImageFolders/filtered_images/img12113.png,29.0,2
ImageFolders/filtered_images/img12122.png,65.0,2
ImageFolders/filtered_images/img12123.png,65.0,2
ImageFolders/filtered_images/img12127.png,88.0,2
ImageFolders/filtered_images/img12128.png,88.0,2
ImageFolders/filtered_images/img12133.png,59.0,2
ImageFolders/filtered_images/img12134.png,59.0,2
ImageFolders/filtered_images/img12139.png,49.0,2
ImageFolders/filtered_images/img12140.png,49.0,2
ImageFolders/filtered_images/img12141.png,65.0,2
ImageFolders/filtered_images/img12142.png,65.0,2
ImageFolders/filtered_images/img12143.png,76.0,2
ImageFolders/filtered_images/img12144.png,76.0,2
ImageFolders/filtered_images/img12145.png,66.0,2
ImageFolders/filtered_images/img12149.png,85.0,2
ImageFolders/filtered_images/img12150.png,72.0,2
ImageFolders/filtered_images/img12154.png,72.0,1
ImageFolders/filtered_images/img12155.png,72.0,1
ImageFolders/filtered_images/img12156.png,73.0,2
ImageFolders/filtered_images/img12157.png,73.0,2
ImageFolders/filtered_images/img12158.png,61.0,2
ImageFolders/filtered_images/img12159.png,61.0,2
ImageFolders/filtered_images/img12162.png,64.0,1
ImageFolders/filtered_images/img12163.png,64.0,1
ImageFolders/filtered_images/img12164.png,66.0,1
ImageFolders/filtered_images/img12165.png,66.0,1
ImageFolders/filtered_images/img12168.png,63.0,1
ImageFolders/filtered_images/img12169.png,63.0,1
ImageFolders/filtered_images/img12172.png,59.0,2
ImageFolders/filtered_images/img12173.png,59.0,2
ImageFolders/filtered_images/img12174.png,78.0,2
ImageFolders/filtered_images/img12175.png,78.0,2
ImageFolders/filtered_images/img12179.png,79.0,1
ImageFolders/filtered_images/img12180.png,79.0,1
ImageFolders/filtered_images/img12181.png,63.0,2
ImageFolders/filtered_images/img12182.png,63.0,2
ImageFolders/filtered_images/img12183.png,30.0,2
ImageFolders/filtered_images/img12184.png,30.0,2
ImageFolders/filtered_images/img12185.png,42.0,1
ImageFolders/filtered_images/img12186.png,42.0,1
ImageFolders/filtered_images/img12189.png,44.0,1
ImageFolders/filtered_images/img12191.png,19.0,1
ImageFolders/filtered_images/img12192.png,33.0,1
ImageFolders/filtered_images/img12193.png,33.0,1
ImageFolders/filtered_images/img12198.png,38.0,2
ImageFolders/filtered_images/img12199.png,38.0,2
ImageFolders/filtered_images/img12203.png,55.0,2
ImageFolders/filtered_images/img12204.png,55.0,2
ImageFolders/filtered_images/img12205.png,67.0,2
ImageFolders/filtered_images/img12210.png,36.0,2
ImageFolders/filtered_images/img12211.png,36.0,2
ImageFolders/filtered_images/img12222.png,32.0,2
ImageFolders/filtered_images/img12223.png,32.0,2
ImageFolders/filtered_images/img12224.png,75.0,2
ImageFolders/filtered_images/img12225.png,75.0,2
ImageFolders/filtered_images/img12230.png,56.0,2
ImageFolders/filtered_images/img12231.png,56.0,2
ImageFolders/filtered_images/img12236.png,45.0,2
ImageFolders/filtered_images/img12237.png,45.0,2
ImageFolders/filtered_images/img12240.png,70.0,1
ImageFolders/filtered_images/img12246.png,44.0,2
ImageFolders/filtered_images/img12247.png,44.0,2
ImageFolders/filtered_images/img12248.png,53.0,2
ImageFolders/filtered_images/img12249.png,53.0,2
ImageFolders/filtered_images/img12252.png,43.0,2
ImageFolders/filtered_images/img12253.png,43.0,2
ImageFolders/filtered_images/img12268.png,30.0,1
ImageFolders/filtered_images/img12269.png,30.0,1
ImageFolders/filtered_images/img12270.png,59.0,2
ImageFolders/filtered_images/img12271.png,59.0,2
ImageFolders/filtered_images/img12274.png,68.0,2
ImageFolders/filtered_images/img12275.png,68.0,2
ImageFolders/filtered_images/img12276.png,79.0,2
ImageFolders/filtered_images/img12277.png,79.0,2
ImageFolders/filtered_images/img12280.png,41.0,1
ImageFolders/filtered_images/img12281.png,41.0,1
ImageFolders/filtered_images/img12282.png,35.0,1
ImageFolders/filtered_images/img12283.png,35.0,1
ImageFolders/filtered_images/img12296.png,74.0,1
ImageFolders/filtered_images/img12297.png,74.0,1
ImageFolders/filtered_images/img12298.png,67.0,1
ImageFolders/filtered_images/img12299.png,67.0,1
ImageFolders/filtered_images/img12300.png,74.0,2
ImageFolders/filtered_images/img12301.png,74.0,2
ImageFolders/filtered_images/img12302.png,24.0,2
ImageFolders/filtered_images/img12303.png,24.0,2
ImageFolders/filtered_images/img12310.png,42.0,1
ImageFolders/filtered_images/img12311.png,58.0,1
ImageFolders/filtered_images/img12312.png,58.0,1
ImageFolders/filtered_images/img12313.png,74.0,1
ImageFolders/filtered_images/img12314.png,74.0,1
ImageFolders/filtered_images/img12315.png,68.0,2
ImageFolders/filtered_images/img12320.png,86.0,2
ImageFolders/filtered_images/img12321.png,86.0,2
ImageFolders/filtered_images/img12323.png,82.0,2
ImageFolders/filtered_images/img12324.png,82.0,2
ImageFolders/filtered_images/img12325.png,71.0,2
ImageFolders/filtered_images/img12326.png,71.0,2
ImageFolders/filtered_images/img12327.png,57.0,1
ImageFolders/filtered_images/img12328.png,80.0,1
ImageFolders/filtered_images/img12329.png,80.0,1
ImageFolders/filtered_images/img12332.png,80.0,2
ImageFolders/filtered_images/img12333.png,80.0,2
ImageFolders/filtered_images/img12336.png,86.0,2
ImageFolders/filtered_images/img12337.png,86.0,2
ImageFolders/filtered_images/img12338.png,79.0,2
ImageFolders/filtered_images/img12339.png,79.0,2
ImageFolders/filtered_images/img12344.png,72.0,2
ImageFolders/filtered_images/img12345.png,72.0,2
ImageFolders/filtered_images/img12346.png,87.0,2
ImageFolders/filtered_images/img12347.png,87.0,2
ImageFolders/filtered_images/img12350.png,67.0,1
ImageFolders/filtered_images/img12351.png,67.0,1
ImageFolders/filtered_images/img12352.png,59.0,1
ImageFolders/filtered_images/img12353.png,59.0,1
ImageFolders/filtered_images/img12358.png,46.0,2
ImageFolders/filtered_images/img12359.png,46.0,2
ImageFolders/filtered_images/img12360.png,86.0,1
ImageFolders/filtered_images/img12361.png,86.0,1
ImageFolders/filtered_images/img12368.png,38.0,2
ImageFolders/filtered_images/img12369.png,38.0,2
ImageFolders/filtered_images/img12373.png,21.0,2
ImageFolders/filtered_images/img12378.png,36.0,2
ImageFolders/filtered_images/img12379.png,36.0,2
ImageFolders/filtered_images/img12384.png,23.0,2
ImageFolders/filtered_images/img12385.png,23.0,2
ImageFolders/filtered_images/img12386.png,65.0,2
ImageFolders/filtered_images/img12387.png,65.0,2
ImageFolders/filtered_images/img12388.png,67.0,1
ImageFolders/filtered_images/img12389.png,67.0,1
ImageFolders/filtered_images/img12396.png,71.0,2
ImageFolders/filtered_images/img12398.png,38.0,2
ImageFolders/filtered_images/img12399.png,38.0,2
ImageFolders/filtered_images/img12406.png,69.0,2
ImageFolders/filtered_images/img12407.png,69.0,2
ImageFolders/filtered_images/img12408.png,78.0,2
ImageFolders/filtered_images/img12409.png,78.0,2
ImageFolders/filtered_images/img12410.png,65.0,2
ImageFolders/filtered_images/img12411.png,65.0,2
ImageFolders/filtered_images/img12416.png,41.0,2
ImageFolders/filtered_images/img12417.png,41.0,2
ImageFolders/filtered_images/img12420.png,62.0,2
ImageFolders/filtered_images/img12421.png,62.0,2
ImageFolders/filtered_images/img12430.png,63.0,2
ImageFolders/filtered_images/img12431.png,63.0,2
ImageFolders/filtered_images/img12440.png,69.0,2
ImageFolders/filtered_images/img12441.png,69.0,2
ImageFolders/filtered_images/img12442.png,62.0,2
ImageFolders/filtered_images/img12443.png,62.0,2
ImageFolders/filtered_images/img12444.png,46.0,2
ImageFolders/filtered_images/img12445.png,46.0,2
ImageFolders/filtered_images/img12446.png,41.0,2
ImageFolders/filtered_images/img12447.png,41.0,2
ImageFolders/filtered_images/img12450.png,10.0,2
ImageFolders/filtered_images/img12451.png,10.0,2
ImageFolders/filtered_images/img12452.png,51.0,2
ImageFolders/filtered_images/img12453.png,51.0,2
ImageFolders/filtered_images/img12456.png,50.0,2
ImageFolders/filtered_images/img12457.png,50.0,2
ImageFolders/filtered_images/img12462.png,48.0,2
ImageFolders/filtered_images/img12463.png,48.0,2
ImageFolders/filtered_images/img12466.png,34.0,2
ImageFolders/filtered_images/img12467.png,34.0,2
ImageFolders/filtered_images/img12472.png,57.0,2
ImageFolders/filtered_images/img12473.png,57.0,2
ImageFolders/filtered_images/img12474.png,32.0,2
ImageFolders/filtered_images/img12475.png,32.0,2
ImageFolders/filtered_images/img12476.png,52.0,2
ImageFolders/filtered_images/img12477.png,52.0,2
ImageFolders/filtered_images/img12478.png,48.0,2
ImageFolders/filtered_images/img12479.png,48.0,2
ImageFolders/filtered_images/img12480.png,46.0,2
ImageFolders/filtered_images/img12481.png,46.0,2
ImageFolders/filtered_images/img12482.png,74.0,2
ImageFolders/filtered_images/img12483.png,74.0,2
ImageFolders/filtered_images/img12490.png,62.0,2
ImageFolders/filtered_images/img12491.png,62.0,2
ImageFolders/filtered_images/img12496.png,66.0,2
ImageFolders/filtered_images/img12497.png,66.0,2
ImageFolders/filtered_images/img12498.png,72.0,2
ImageFolders/filtered_images/img12499.png,72.0,2
ImageFolders/filtered_images/img12500.png,75.0,2
ImageFolders/filtered_images/img12501.png,75.0,2
ImageFolders/filtered_images/img12502.png,77.0,2
ImageFolders/filtered_images/img12503.png,77.0,2
ImageFolders/filtered_images/img12508.png,74.0,2
ImageFolders/filtered_images/img12509.png,74.0,2
ImageFolders/filtered_images/img12510.png,59.0,2
ImageFolders/filtered_images/img12511.png,59.0,2
ImageFolders/filtered_images/img12514.png,72.0,2
ImageFolders/filtered_images/img12515.png,72.0,2
ImageFolders/filtered_images/img12516.png,48.0,2
ImageFolders/filtered_images/img12517.png,48.0,2
ImageFolders/filtered_images/img12529.png,52.0,1
ImageFolders/filtered_images/img12530.png,52.0,1
ImageFolders/filtered_images/img12531.png,50.0,1
ImageFolders/filtered_images/img12532.png,50.0,1
ImageFolders/filtered_images/img12533.png,70.0,1
ImageFolders/filtered_images/img12534.png,70.0,1
ImageFolders/filtered_images/img12535.png,48.0,1
ImageFolders/filtered_images/img12536.png,48.0,1
ImageFolders/filtered_images/img12537.png,80.0,1
ImageFolders/filtered_images/img12538.png,80.0,1
ImageFolders/filtered_images/img12539.png,72.0,2
ImageFolders/filtered_images/img12540.png,72.0,2
ImageFolders/filtered_images/img12541.png,70.0,1
ImageFolders/filtered_images/img12542.png,70.0,1
ImageFolders/filtered_images/img12543.png,41.0,2
ImageFolders/filtered_images/img12545.png,67.0,2
ImageFolders/filtered_images/img12546.png,73.0,2
ImageFolders/filtered_images/img12547.png,73.0,2
ImageFolders/filtered_images/img12554.png,39.0,2
ImageFolders/filtered_images/img12555.png,39.0,2
ImageFolders/filtered_images/img12562.png,50.0,2
ImageFolders/filtered_images/img12563.png,50.0,2
ImageFolders/filtered_images/img12564.png,53.0,1
ImageFolders/filtered_images/img12565.png,53.0,1
ImageFolders/filtered_images/img12566.png,71.0,2
ImageFolders/filtered_images/img12567.png,71.0,2
ImageFolders/filtered_images/img12570.png,16.0,2
ImageFolders/filtered_images/img12571.png,16.0,2
ImageFolders/filtered_images/img12572.png,6.0,2
ImageFolders/filtered_images/img12573.png,6.0,2
ImageFolders/filtered_images/img12574.png,31.0,2
ImageFolders/filtered_images/img12575.png,31.0,2
ImageFolders/filtered_images/img12577.png,53.0,1
ImageFolders/filtered_images/img12578.png,53.0,1
ImageFolders/filtered_images/img12582.png,65.0,2
ImageFolders/filtered_images/img12583.png,65.0,2
ImageFolders/filtered_images/img12592.png,89.0,2
ImageFolders/filtered_images/img12593.png,89.0,2
ImageFolders/filtered_images/img12600.png,77.0,2
ImageFolders/filtered_images/img12601.png,77.0,2
ImageFolders/filtered_images/img12602.png,82.0,2
ImageFolders/filtered_images/img12603.png,82.0,2
ImageFolders/filtered_images/img12606.png,86.0,2
ImageFolders/filtered_images/img12607.png,86.0,2
ImageFolders/filtered_images/img12608.png,70.0,2
ImageFolders/filtered_images/img12609.png,70.0,2
ImageFolders/filtered_images/img12612.png,74.0,2
ImageFolders/filtered_images/img12613.png,74.0,2
ImageFolders/filtered_images/img12614.png,70.0,2
ImageFolders/filtered_images/img12615.png,70.0,2
ImageFolders/filtered_images/img12628.png,74.0,1
ImageFolders/filtered_images/img12629.png,74.0,1
ImageFolders/filtered_images/img12630.png,85.0,1
ImageFolders/filtered_images/img12631.png,85.0,1
ImageFolders/filtered_images/img12636.png,76.0,1
ImageFolders/filtered_images/img12637.png,76.0,1
ImageFolders/filtered_images/img12644.png,15.0,1
ImageFolders/filtered_images/img12645.png,15.0,1
ImageFolders/filtered_images/img12648.png,18.0,1
ImageFolders/filtered_images/img12649.png,18.0,1
ImageFolders/filtered_images/img12650.png,26.0,1
ImageFolders/filtered_images/img12651.png,26.0,1
ImageFolders/filtered_images/img12654.png,36.0,2
ImageFolders/filtered_images/img12655.png,36.0,2
ImageFolders/filtered_images/img12662.png,30.0,2
ImageFolders/filtered_images/img12663.png,30.0,2
ImageFolders/filtered_images/img12664.png,33.0,2
ImageFolders/filtered_images/img12669.png,24.0,2
ImageFolders/filtered_images/img12670.png,24.0,2
ImageFolders/filtered_images/img12675.png,28.0,2
ImageFolders/filtered_images/img12678.png,32.0,2
ImageFolders/filtered_images/img12680.png,23.0,1
ImageFolders/filtered_images/img12685.png,16.0,1
ImageFolders/filtered_images/img12686.png,34.0,1
ImageFolders/filtered_images/img12687.png,34.0,1
ImageFolders/filtered_images/img12688.png,55.0,1
ImageFolders/filtered_images/img12689.png,55.0,1
ImageFolders/filtered_images/img12690.png,9.0,1
ImageFolders/filtered_images/img12691.png,9.0,1
ImageFolders/filtered_images/img12692.png,21.0,1
ImageFolders/filtered_images/img12693.png,21.0,1
ImageFolders/filtered_images/img12694.png,26.0,1
ImageFolders/filtered_images/img12695.png,26.0,1
ImageFolders/filtered_images/img12696.png,22.0,1
ImageFolders/filtered_images/img12697.png,22.0,1
ImageFolders/filtered_images/img12698.png,19.0,1
ImageFolders/filtered_images/img12699.png,19.0,1
ImageFolders/filtered_images/img12700.png,9.0,1
ImageFolders/filtered_images/img12701.png,22.0,1
ImageFolders/filtered_images/img12702.png,22.0,1
ImageFolders/filtered_images/img12703.png,14.0,1
ImageFolders/filtered_images/img12704.png,14.0,1
ImageFolders/filtered_images/img12705.png,19.0,1
ImageFolders/filtered_images/img12706.png,19.0,1
ImageFolders/filtered_images/img12713.png,50.0,2
ImageFolders/filtered_images/img12714.png,50.0,2
ImageFolders/filtered_images/img12715.png,67.0,2
ImageFolders/filtered_images/img12716.png,67.0,2
ImageFolders/filtered_images/img12721.png,60.0,2
ImageFolders/filtered_images/img12722.png,60.0,2
ImageFolders/filtered_images/img12724.png,67.0,2
ImageFolders/filtered_images/img12729.png,51.0,2
ImageFolders/filtered_images/img12730.png,51.0,2
ImageFolders/filtered_images/img12735.png,57.0,2
ImageFolders/filtered_images/img12736.png,57.0,2
ImageFolders/filtered_images/img12737.png,76.0,2
ImageFolders/filtered_images/img12738.png,76.0,2
ImageFolders/filtered_images/img12741.png,37.0,2
ImageFolders/filtered_images/img12742.png,37.0,2
ImageFolders/filtered_images/img12747.png,63.0,2
ImageFolders/filtered_images/img12748.png,63.0,2
ImageFolders/filtered_images/img12751.png,60.0,2
ImageFolders/filtered_images/img12752.png,60.0,2
ImageFolders/filtered_images/img12755.png,55.0,2
ImageFolders/filtered_images/img12756.png,55.0,2
ImageFolders/filtered_images/img12761.png,63.0,2
ImageFolders/filtered_images/img12762.png,63.0,2
ImageFolders/filtered_images/img12763.png,56.0,2
ImageFolders/filtered_images/img12764.png,56.0,2
ImageFolders/filtered_images/img12767.png,57.0,2
ImageFolders/filtered_images/img12768.png,57.0,2
ImageFolders/filtered_images/img12773.png,71.0,2
ImageFolders/filtered_images/img12774.png,71.0,2
ImageFolders/filtered_images/img12781.png,58.0,2
ImageFolders/filtered_images/img12782.png,58.0,2
ImageFolders/filtered_images/img12785.png,70.0,2
ImageFolders/filtered_images/img12786.png,70.0,2
ImageFolders/filtered_images/img12793.png,80.0,2
ImageFolders/filtered_images/img12794.png,80.0,2
ImageFolders/filtered_images/img12803.png,79.0,2
ImageFolders/filtered_images/img12804.png,79.0,2
ImageFolders/filtered_images/img12809.png,48.0,2
ImageFolders/filtered_images/img12810.png,48.0,2
ImageFolders/filtered_images/img12825.png,41.0,2
ImageFolders/filtered_images/img12826.png,41.0,2
ImageFolders/filtered_images/img12830.png,45.0,2
ImageFolders/filtered_images/img12831.png,45.0,2
ImageFolders/filtered_images/img12832.png,45.0,2
ImageFolders/filtered_images/img12833.png,46.0,2
ImageFolders/filtered_images/img12834.png,46.0,2
ImageFolders/filtered_images/img12835.png,43.0,2
ImageFolders/filtered_images/img12836.png,43.0,2
ImageFolders/filtered_images/img12839.png,32.0,2
ImageFolders/filtered_images/img12840.png,32.0,2
ImageFolders/filtered_images/img12841.png,48.0,2
ImageFolders/filtered_images/img12842.png,48.0,2
ImageFolders/filtered_images/img12847.png,31.0,1
ImageFolders/filtered_images/img12856.png,46.0,1
ImageFolders/filtered_images/img12864.png,55.0,2
ImageFolders/filtered_images/img12865.png,55.0,2
ImageFolders/filtered_images/img12874.png,25.0,2
ImageFolders/filtered_images/img12875.png,25.0,2
ImageFolders/filtered_images/img12876.png,50.0,2
ImageFolders/filtered_images/img12877.png,50.0,2
ImageFolders/filtered_images/img12886.png,57.0,2
ImageFolders/filtered_images/img12887.png,57.0,2
ImageFolders/filtered_images/img12890.png,39.0,2
ImageFolders/filtered_images/img12891.png,39.0,2
ImageFolders/filtered_images/img12892.png,54.0,2
ImageFolders/filtered_images/img12893.png,54.0,2
ImageFolders/filtered_images/img12894.png,37.0,2
ImageFolders/filtered_images/img12900.png,50.0,2
ImageFolders/filtered_images/img12901.png,50.0,2
ImageFolders/filtered_images/img12902.png,40.0,2
ImageFolders/filtered_images/img12903.png,40.0,2
ImageFolders/filtered_images/img12904.png,43.0,2
ImageFolders/filtered_images/img12905.png,43.0,2
ImageFolders/filtered_images/img12906.png,49.0,2
ImageFolders/filtered_images/img12907.png,49.0,2
ImageFolders/filtered_images/img12918.png,26.0,2
ImageFolders/filtered_images/img12919.png,26.0,2
ImageFolders/filtered_images/img12922.png,46.0,2
ImageFolders/filtered_images/img12923.png,46.0,2
ImageFolders/filtered_images/img12924.png,73.0,2
ImageFolders/filtered_images/img12925.png,73.0,2
ImageFolders/filtered_images/img12926.png,49.0,2
ImageFolders/filtered_images/img12927.png,49.0,2
ImageFolders/filtered_images/img12928.png,32.0,2
ImageFolders/filtered_images/img12929.png,52.0,2
ImageFolders/filtered_images/img12930.png,52.0,2
ImageFolders/filtered_images/img12934.png,39.0,2
ImageFolders/filtered_images/img12935.png,39.0,2
ImageFolders/filtered_images/img12936.png,74.0,1
ImageFolders/filtered_images/img12950.png,77.0,1
ImageFolders/filtered_images/img12951.png,77.0,1
ImageFolders/filtered_images/img12954.png,44.0,1
ImageFolders/filtered_images/img12955.png,44.0,1
ImageFolders/filtered_images/img12967.png,72.0,1
ImageFolders/filtered_images/img12970.png,73.0,1
ImageFolders/filtered_images/img12971.png,73.0,1
ImageFolders/filtered_images/img12975.png,58.0,1
ImageFolders/filtered_images/img12979.png,67.0,1
ImageFolders/filtered_images/img12980.png,67.0,1
ImageFolders/filtered_images/img12981.png,75.0,2
ImageFolders/filtered_images/img12982.png,75.0,2
ImageFolders/filtered_images/img12983.png,58.0,2
ImageFolders/filtered_images/img12984.png,58.0,2
ImageFolders/filtered_images/img12987.png,60.0,1
ImageFolders/filtered_images/img12988.png,60.0,1
ImageFolders/filtered_images/img12990.png,66.0,2
ImageFolders/filtered_images/img12991.png,66.0,2
ImageFolders/filtered_images/img12995.png,71.0,1
ImageFolders/filtered_images/img12996.png,71.0,1
ImageFolders/filtered_images/img13001.png,62.0,1
ImageFolders/filtered_images/img13002.png,62.0,1
ImageFolders/filtered_images/img13007.png,60.0,1
ImageFolders/filtered_images/img13008.png,60.0,1
ImageFolders/filtered_images/img13009.png,64.0,1
ImageFolders/filtered_images/img13010.png,64.0,1
ImageFolders/filtered_images/img13013.png,74.0,1
ImageFolders/filtered_images/img13014.png,83.0,1
ImageFolders/filtered_images/img13019.png,79.0,1
ImageFolders/filtered_images/img13024.png,48.0,1
ImageFolders/filtered_images/img13025.png,48.0,1
ImageFolders/filtered_images/img13026.png,62.0,1
ImageFolders/filtered_images/img13027.png,62.0,1
ImageFolders/filtered_images/img13029.png,71.0,1
ImageFolders/filtered_images/img13032.png,72.0,1
ImageFolders/filtered_images/img13038.png,42.0,1
ImageFolders/filtered_images/img13039.png,42.0,1
ImageFolders/filtered_images/img13043.png,80.0,1
ImageFolders/filtered_images/img13050.png,53.0,1
ImageFolders/filtered_images/img13051.png,53.0,1
ImageFolders/filtered_images/img13054.png,64.0,1
ImageFolders/filtered_images/img13055.png,64.0,1
ImageFolders/filtered_images/img13056.png,58.0,1
ImageFolders/filtered_images/img13057.png,58.0,1
ImageFolders/filtered_images/img13058.png,63.0,1
ImageFolders/filtered_images/img13059.png,63.0,1
ImageFolders/filtered_images/img13060.png,52.0,1
ImageFolders/filtered_images/img13061.png,52.0,1
ImageFolders/filtered_images/img13063.png,67.0,1
ImageFolders/filtered_images/img13066.png,63.0,1
ImageFolders/filtered_images/img13067.png,63.0,1
ImageFolders/filtered_images/img13088.png,56.0,1
ImageFolders/filtered_images/img13089.png,56.0,1
ImageFolders/filtered_images/img13090.png,80.0,1
ImageFolders/filtered_images/img13091.png,80.0,1
ImageFolders/filtered_images/img13092.png,68.0,1
ImageFolders/filtered_images/img13093.png,68.0,1
ImageFolders/filtered_images/img13094.png,66.0,1
ImageFolders/filtered_images/img13095.png,66.0,1
ImageFolders/filtered_images/img13100.png,76.0,1
ImageFolders/filtered_images/img13101.png,76.0,1
ImageFolders/filtered_images/img13104.png,13.0,1
ImageFolders/filtered_images/img13105.png,13.0,1
ImageFolders/filtered_images/img13106.png,63.0,1
ImageFolders/filtered_images/img13107.png,63.0,1
ImageFolders/filtered_images/img13110.png,47.0,1
ImageFolders/filtered_images/img13111.png,47.0,1
ImageFolders/filtered_images/img13114.png,81.0,1
ImageFolders/filtered_images/img13115.png,81.0,1
ImageFolders/filtered_images/img13116.png,12.0,1
ImageFolders/filtered_images/img13117.png,12.0,1
ImageFolders/filtered_images/img13120.png,69.0,1
ImageFolders/filtered_images/img13121.png,69.0,1
ImageFolders/filtered_images/img13123.png,62.0,1
ImageFolders/filtered_images/img13124.png,62.0,1
ImageFolders/filtered_images/img13127.png,57.0,1
ImageFolders/filtered_images/img13128.png,57.0,1
ImageFolders/filtered_images/img13132.png,54.0,1
ImageFolders/filtered_images/img13133.png,54.0,1
ImageFolders/filtered_images/img13142.png,53.0,1
ImageFolders/filtered_images/img13143.png,53.0,1
ImageFolders/filtered_images/img13146.png,89.0,1
ImageFolders/filtered_images/img13147.png,89.0,1
ImageFolders/filtered_images/img13148.png,50.0,1
ImageFolders/filtered_images/img13149.png,50.0,1
ImageFolders/filtered_images/img13150.png,70.0,1
ImageFolders/filtered_images/img13151.png,70.0,1
ImageFolders/filtered_images/img13152.png,9.0,2
ImageFolders/filtered_images/img13153.png,9.0,2
ImageFolders/filtered_images/img13154.png,75.0,2
ImageFolders/filtered_images/img13155.png,75.0,2
ImageFolders/filtered_images/img13156.png,62.0,2
ImageFolders/filtered_images/img13157.png,62.0,2
ImageFolders/filtered_images/img13158.png,86.0,2
ImageFolders/filtered_images/img13163.png,75.0,2
ImageFolders/filtered_images/img13164.png,75.0,2
ImageFolders/filtered_images/img13165.png,60.0,2
ImageFolders/filtered_images/img13166.png,60.0,2
ImageFolders/filtered_images/img13167.png,75.0,2
ImageFolders/filtered_images/img13168.png,75.0,2
ImageFolders/filtered_images/img13176.png,72.0,2
ImageFolders/filtered_images/img13177.png,72.0,2
ImageFolders/filtered_images/img13180.png,13.0,2
ImageFolders/filtered_images/img13181.png,13.0,2
ImageFolders/filtered_images/img13188.png,73.0,2
ImageFolders/filtered_images/img13189.png,73.0,2
ImageFolders/filtered_images/img13190.png,74.0,2
ImageFolders/filtered_images/img13191.png,74.0,2
ImageFolders/filtered_images/img13192.png,69.0,2
ImageFolders/filtered_images/img13193.png,69.0,2
ImageFolders/filtered_images/img13194.png,80.0,2
ImageFolders/filtered_images/img13201.png,48.0,2
ImageFolders/filtered_images/img13202.png,48.0,2
ImageFolders/filtered_images/img13203.png,77.0,2
ImageFolders/filtered_images/img13204.png,77.0,2
ImageFolders/filtered_images/img13205.png,56.0,2
ImageFolders/filtered_images/img13215.png,70.0,2
ImageFolders/filtered_images/img13216.png,70.0,2
ImageFolders/filtered_images/img13221.png,64.0,2
ImageFolders/filtered_images/img13222.png,64.0,2
ImageFolders/filtered_images/img13223.png,85.0,2
ImageFolders/filtered_images/img13224.png,85.0,2
ImageFolders/filtered_images/img13225.png,75.0,2
ImageFolders/filtered_images/img13235.png,70.0,2
ImageFolders/filtered_images/img13237.png,49.0,2
ImageFolders/filtered_images/img13238.png,49.0,2
ImageFolders/filtered_images/img13239.png,58.0,2
ImageFolders/filtered_images/img13240.png,58.0,2
ImageFolders/filtered_images/img13241.png,73.0,2
ImageFolders/filtered_images/img13242.png,73.0,2
ImageFolders/filtered_images/img13245.png,87.0,2
ImageFolders/filtered_images/img13246.png,87.0,2
ImageFolders/filtered_images/img13247.png,74.0,2
ImageFolders/filtered_images/img13248.png,74.0,2
ImageFolders/filtered_images/img13250.png,72.0,2
ImageFolders/filtered_images/img13251.png,67.0,2
ImageFolders/filtered_images/img13252.png,67.0,2
ImageFolders/filtered_images/img13253.png,59.0,2
ImageFolders/filtered_images/img13254.png,59.0,2
ImageFolders/filtered_images/img13257.png,80.0,2
ImageFolders/filtered_images/img13258.png,66.0,2
ImageFolders/filtered_images/img13259.png,66.0,2
ImageFolders/filtered_images/img13260.png,59.0,2
ImageFolders/filtered_images/img13261.png,59.0,2
ImageFolders/filtered_images/img13268.png,71.0,2
ImageFolders/filtered_images/img13269.png,71.0,2
ImageFolders/filtered_images/img13272.png,61.0,2
ImageFolders/filtered_images/img13273.png,61.0,2
ImageFolders/filtered_images/img13283.png,40.0,2
ImageFolders/filtered_images/img13284.png,40.0,2
ImageFolders/filtered_images/img13289.png,65.0,2
ImageFolders/filtered_images/img13290.png,65.0,2
ImageFolders/filtered_images/img13295.png,71.0,2
ImageFolders/filtered_images/img13296.png,71.0,2
ImageFolders/filtered_images/img13297.png,80.0,2
ImageFolders/filtered_images/img13298.png,80.0,2
ImageFolders/filtered_images/img13299.png,68.0,2
ImageFolders/filtered_images/img13300.png,68.0,2
ImageFolders/filtered_images/img13301.png,63.0,2
ImageFolders/filtered_images/img13302.png,63.0,2
ImageFolders/filtered_images/img13305.png,64.0,2
ImageFolders/filtered_images/img13306.png,64.0,2
ImageFolders/filtered_images/img13307.png,65.0,2
ImageFolders/filtered_images/img13308.png,65.0,2
ImageFolders/filtered_images/img13309.png,38.0,2
ImageFolders/filtered_images/img13310.png,38.0,2
ImageFolders/filtered_images/img13311.png,61.0,2
ImageFolders/filtered_images/img13312.png,61.0,2
ImageFolders/filtered_images/img13313.png,84.0,2
ImageFolders/filtered_images/img13314.png,84.0,2
ImageFolders/filtered_images/img13315.png,61.0,2
ImageFolders/filtered_images/img13316.png,61.0,2
ImageFolders/filtered_images/img13317.png,37.0,1
ImageFolders/filtered_images/img13318.png,37.0,1
ImageFolders/filtered_images/img13319.png,39.0,1
ImageFolders/filtered_images/img13320.png,39.0,1
ImageFolders/filtered_images/img13325.png,85.0,2
ImageFolders/filtered_images/img13326.png,85.0,2
ImageFolders/filtered_images/img13327.png,66.0,2
ImageFolders/filtered_images/img13328.png,66.0,2
ImageFolders/filtered_images/img13329.png,67.0,2
ImageFolders/filtered_images/img13330.png,67.0,2
ImageFolders/filtered_images/img13331.png,64.0,2
ImageFolders/filtered_images/img13332.png,64.0,2
ImageFolders/filtered_images/img13339.png,84.0,2
ImageFolders/filtered_images/img13340.png,84.0,2
ImageFolders/filtered_images/img13346.png,57.0,2
ImageFolders/filtered_images/img13347.png,57.0,2
ImageFolders/filtered_images/img13348.png,47.0,2
ImageFolders/filtered_images/img13349.png,47.0,2
ImageFolders/filtered_images/img13352.png,77.0,2
ImageFolders/filtered_images/img13353.png,77.0,2
ImageFolders/filtered_images/img13354.png,56.0,2
ImageFolders/filtered_images/img13355.png,56.0,2
ImageFolders/filtered_images/img13356.png,62.0,2
ImageFolders/filtered_images/img13357.png,62.0,2
ImageFolders/filtered_images/img13363.png,81.0,2
ImageFolders/filtered_images/img13364.png,81.0,2
ImageFolders/filtered_images/img13366.png,30.0,1
ImageFolders/filtered_images/img13367.png,41.0,2
ImageFolders/filtered_images/img13368.png,41.0,2
ImageFolders/filtered_images/img13380.png,59.0,1
ImageFolders/filtered_images/img13381.png,59.0,1
ImageFolders/filtered_images/img13390.png,84.0,1
ImageFolders/filtered_images/img13394.png,60.0,1
ImageFolders/filtered_images/img13395.png,60.0,1
ImageFolders/filtered_images/img13396.png,48.0,1
ImageFolders/filtered_images/img13397.png,48.0,1
ImageFolders/filtered_images/img13400.png,59.0,1
ImageFolders/filtered_images/img13401.png,59.0,1
ImageFolders/filtered_images/img13408.png,56.0,1
ImageFolders/filtered_images/img13409.png,56.0,1
ImageFolders/filtered_images/img13418.png,81.0,2
ImageFolders/filtered_images/img13425.png,73.0,1
ImageFolders/filtered_images/img13426.png,73.0,1
ImageFolders/filtered_images/img13429.png,54.0,1
ImageFolders/filtered_images/img13430.png,54.0,1
ImageFolders/filtered_images/img13435.png,76.0,1
ImageFolders/filtered_images/img13436.png,76.0,1
ImageFolders/filtered_images/img13450.png,71.0,1
ImageFolders/filtered_images/img13451.png,71.0,1
ImageFolders/filtered_images/img13452.png,83.0,1
ImageFolders/filtered_images/img13453.png,83.0,1
ImageFolders/filtered_images/img13454.png,75.0,1
ImageFolders/filtered_images/img13455.png,75.0,1
ImageFolders/filtered_images/img13459.png,69.0,1
ImageFolders/filtered_images/img13462.png,52.0,1
ImageFolders/filtered_images/img13463.png,73.0,1
ImageFolders/filtered_images/img13464.png,73.0,1
ImageFolders/filtered_images/img13465.png,40.0,1
ImageFolders/filtered_images/img13466.png,40.0,1
ImageFolders/filtered_images/img13469.png,42.0,1
ImageFolders/filtered_images/img13470.png,68.0,1
ImageFolders/filtered_images/img13471.png,68.0,1
ImageFolders/filtered_images/img13472.png,66.0,1
ImageFolders/filtered_images/img13473.png,66.0,1
ImageFolders/filtered_images/img13476.png,73.0,1
ImageFolders/filtered_images/img13477.png,73.0,1
ImageFolders/filtered_images/img13480.png,74.0,1
ImageFolders/filtered_images/img13481.png,74.0,1
ImageFolders/filtered_images/img13490.png,53.0,2
ImageFolders/filtered_images/img13491.png,53.0,2
ImageFolders/filtered_images/img13495.png,55.0,2
ImageFolders/filtered_images/img13496.png,55.0,2
ImageFolders/filtered_images/img13499.png,38.0,2
ImageFolders/filtered_images/img13500.png,38.0,2
ImageFolders/filtered_images/img13517.png,51.0,1
ImageFolders/filtered_images/img13518.png,51.0,1
ImageFolders/filtered_images/img13525.png,43.0,1
ImageFolders/filtered_images/img13526.png,43.0,1
ImageFolders/filtered_images/img13529.png,32.0,1
ImageFolders/filtered_images/img13530.png,32.0,1
ImageFolders/filtered_images/img13531.png,35.0,1
ImageFolders/filtered_images/img13532.png,35.0,1
ImageFolders/filtered_images/img13535.png,19.0,1
ImageFolders/filtered_images/img13536.png,19.0,1
ImageFolders/filtered_images/img13541.png,23.0,1
ImageFolders/filtered_images/img13542.png,23.0,1
ImageFolders/filtered_images/img13547.png,45.0,1
ImageFolders/filtered_images/img13556.png,45.0,1
ImageFolders/filtered_images/img13558.png,39.0,1
ImageFolders/filtered_images/img13559.png,39.0,1
ImageFolders/filtered_images/img13560.png,33.0,1
ImageFolders/filtered_images/img13561.png,33.0,1
ImageFolders/filtered_images/img13566.png,37.0,1
ImageFolders/filtered_images/img13575.png,48.0,1
ImageFolders/filtered_images/img13576.png,48.0,1
ImageFolders/filtered_images/img13578.png,50.0,1
ImageFolders/filtered_images/img13583.png,60.0,2
ImageFolders/filtered_images/img13587.png,47.0,2
ImageFolders/filtered_images/img13588.png,47.0,2
ImageFolders/filtered_images/img13595.png,61.0,2
ImageFolders/filtered_images/img13596.png,61.0,2
ImageFolders/filtered_images/img13601.png,67.0,2
ImageFolders/filtered_images/img13603.png,53.0,2
ImageFolders/filtered_images/img13604.png,53.0,2
ImageFolders/filtered_images/img13607.png,43.0,2
ImageFolders/filtered_images/img13608.png,43.0,2
ImageFolders/filtered_images/img13613.png,47.0,2
ImageFolders/filtered_images/img13614.png,47.0,2
ImageFolders/filtered_images/img13615.png,51.0,2
ImageFolders/filtered_images/img13616.png,51.0,2
ImageFolders/filtered_images/img13617.png,67.0,2
ImageFolders/filtered_images/img13618.png,67.0,2
ImageFolders/filtered_images/img13619.png,45.0,2
ImageFolders/filtered_images/img13621.png,66.0,2
ImageFolders/filtered_images/img13622.png,66.0,2
ImageFolders/filtered_images/img13625.png,53.0,2
ImageFolders/filtered_images/img13626.png,53.0,2
ImageFolders/filtered_images/img13629.png,46.0,2
ImageFolders/filtered_images/img13630.png,46.0,2
ImageFolders/filtered_images/img13631.png,45.0,2
ImageFolders/filtered_images/img13632.png,45.0,2
ImageFolders/filtered_images/img13639.png,47.0,2
ImageFolders/filtered_images/img13640.png,47.0,2
ImageFolders/filtered_images/img13653.png,50.0,2
ImageFolders/filtered_images/img13654.png,50.0,2
ImageFolders/filtered_images/img13659.png,50.0,2
ImageFolders/filtered_images/img13660.png,50.0,2
ImageFolders/filtered_images/img13663.png,57.0,2
ImageFolders/filtered_images/img13664.png,57.0,2
ImageFolders/filtered_images/img13671.png,53.0,2
ImageFolders/filtered_images/img13672.png,53.0,2
ImageFolders/filtered_images/img13675.png,44.0,2
ImageFolders/filtered_images/img13676.png,44.0,2
ImageFolders/filtered_images/img13677.png,42.0,2
ImageFolders/filtered_images/img13678.png,42.0,2
ImageFolders/filtered_images/img13679.png,46.0,2
ImageFolders/filtered_images/img13680.png,46.0,2
ImageFolders/filtered_images/img13681.png,65.0,1
ImageFolders/filtered_images/img13688.png,54.0,1
ImageFolders/filtered_images/img13689.png,54.0,1
ImageFolders/filtered_images/img13693.png,64.0,1
ImageFolders/filtered_images/img13694.png,64.0,1
ImageFolders/filtered_images/img13701.png,37.0,1
ImageFolders/filtered_images/img13702.png,37.0,1
ImageFolders/filtered_images/img13705.png,49.0,1
ImageFolders/filtered_images/img13706.png,49.0,1
ImageFolders/filtered_images/img13709.png,40.0,1
ImageFolders/filtered_images/img13710.png,40.0,1
ImageFolders/filtered_images/img13713.png,51.0,1
ImageFolders/filtered_images/img13714.png,51.0,1
ImageFolders/filtered_images/img13715.png,39.0,1
ImageFolders/filtered_images/img13716.png,39.0,1
ImageFolders/filtered_images/img13717.png,45.0,1
ImageFolders/filtered_images/img13718.png,25.0,1
ImageFolders/filtered_images/img13719.png,25.0,1
ImageFolders/filtered_images/img13720.png,48.0,1
ImageFolders/filtered_images/img13721.png,48.0,1
ImageFolders/filtered_images/img13722.png,71.0,1
ImageFolders/filtered_images/img13723.png,71.0,1
ImageFolders/filtered_images/img13728.png,45.0,1
ImageFolders/filtered_images/img13729.png,45.0,1
ImageFolders/filtered_images/img13738.png,68.0,1
ImageFolders/filtered_images/img13739.png,68.0,1
ImageFolders/filtered_images/img13744.png,24.0,1
ImageFolders/filtered_images/img13745.png,24.0,1
ImageFolders/filtered_images/img13746.png,47.0,1
ImageFolders/filtered_images/img13747.png,47.0,1
ImageFolders/filtered_images/img13754.png,49.0,1
ImageFolders/filtered_images/img13755.png,49.0,1
ImageFolders/filtered_images/img13758.png,53.0,1
ImageFolders/filtered_images/img13759.png,53.0,1
ImageFolders/filtered_images/img13768.png,56.0,1
ImageFolders/filtered_images/img13769.png,56.0,1
ImageFolders/filtered_images/img13772.png,63.0,1
ImageFolders/filtered_images/img13773.png,63.0,1
ImageFolders/filtered_images/img13774.png,61.0,1
ImageFolders/filtered_images/img13775.png,61.0,1
ImageFolders/filtered_images/img13779.png,57.0,1
ImageFolders/filtered_images/img13780.png,57.0,1
ImageFolders/filtered_images/img13781.png,52.0,1
ImageFolders/filtered_images/img13782.png,52.0,1
ImageFolders/filtered_images/img13787.png,42.0,1
ImageFolders/filtered_images/img13788.png,42.0,1
ImageFolders/filtered_images/img13790.png,53.0,1
ImageFolders/filtered_images/img13795.png,32.0,1
ImageFolders/filtered_images/img13796.png,32.0,1
ImageFolders/filtered_images/img13797.png,59.0,1
ImageFolders/filtered_images/img13798.png,59.0,1
ImageFolders/filtered_images/img13807.png,47.0,1
ImageFolders/filtered_images/img13808.png,47.0,1
ImageFolders/filtered_images/img13813.png,36.0,1
ImageFolders/filtered_images/img13814.png,36.0,1
ImageFolders/filtered_images/img13819.png,47.0,1
ImageFolders/filtered_images/img13820.png,47.0,1
ImageFolders/filtered_images/img13835.png,33.0,1
ImageFolders/filtered_images/img13836.png,33.0,1
ImageFolders/filtered_images/img13841.png,65.0,1
ImageFolders/filtered_images/img13842.png,65.0,1
ImageFolders/filtered_images/img13843.png,16.0,1
ImageFolders/filtered_images/img13844.png,16.0,1
ImageFolders/filtered_images/img13845.png,67.0,1
ImageFolders/filtered_images/img13846.png,67.0,1
ImageFolders/filtered_images/img13847.png,73.0,2
ImageFolders/filtered_images/img13849.png,53.0,1
ImageFolders/filtered_images/img13850.png,53.0,1
ImageFolders/filtered_images/img13853.png,53.0,2
ImageFolders/filtered_images/img13854.png,53.0,2
ImageFolders/filtered_images/img13855.png,60.0,2
ImageFolders/filtered_images/img13856.png,60.0,2
ImageFolders/filtered_images/img13857.png,29.0,2
ImageFolders/filtered_images/img13858.png,29.0,2
ImageFolders/filtered_images/img13861.png,47.0,2
ImageFolders/filtered_images/img13862.png,47.0,2
ImageFolders/filtered_images/img13864.png,59.0,2
ImageFolders/filtered_images/img13865.png,59.0,2
ImageFolders/filtered_images/img13866.png,72.0,2
ImageFolders/filtered_images/img13867.png,72.0,2
ImageFolders/filtered_images/img13870.png,63.0,2
ImageFolders/filtered_images/img13871.png,63.0,2
ImageFolders/filtered_images/img13872.png,73.0,2
ImageFolders/filtered_images/img13873.png,73.0,2
ImageFolders/filtered_images/img13876.png,73.0,2
ImageFolders/filtered_images/img13877.png,73.0,2
ImageFolders/filtered_images/img13878.png,83.0,2
ImageFolders/filtered_images/img13879.png,83.0,2
ImageFolders/filtered_images/img13882.png,68.0,2
ImageFolders/filtered_images/img13883.png,68.0,2
ImageFolders/filtered_images/img13886.png,64.0,2
ImageFolders/filtered_images/img13889.png,60.0,2
ImageFolders/filtered_images/img13890.png,60.0,2
ImageFolders/filtered_images/img13891.png,67.0,2
ImageFolders/filtered_images/img13892.png,67.0,2
ImageFolders/filtered_images/img13897.png,45.0,2
ImageFolders/filtered_images/img13898.png,45.0,2
ImageFolders/filtered_images/img13899.png,61.0,2
ImageFolders/filtered_images/img13900.png,61.0,2
ImageFolders/filtered_images/img13901.png,71.0,2
ImageFolders/filtered_images/img13902.png,71.0,2
ImageFolders/filtered_images/img13905.png,60.0,2
ImageFolders/filtered_images/img13906.png,60.0,2
ImageFolders/filtered_images/img13913.png,67.0,2
ImageFolders/filtered_images/img13914.png,67.0,2
ImageFolders/filtered_images/img13917.png,54.0,2
ImageFolders/filtered_images/img13918.png,54.0,2
ImageFolders/filtered_images/img13935.png,76.0,2
ImageFolders/filtered_images/img13937.png,60.0,2
ImageFolders/filtered_images/img13938.png,60.0,2
ImageFolders/filtered_images/img13943.png,18.0,2
ImageFolders/filtered_images/img13944.png,18.0,2
ImageFolders/filtered_images/img13955.png,51.0,2
ImageFolders/filtered_images/img13956.png,51.0,2
ImageFolders/filtered_images/img13957.png,66.0,2
ImageFolders/filtered_images/img13958.png,66.0,2
ImageFolders/filtered_images/img13959.png,62.0,2
ImageFolders/filtered_images/img13960.png,62.0,2
ImageFolders/filtered_images/img13961.png,72.0,2
ImageFolders/filtered_images/img13962.png,72.0,2
ImageFolders/filtered_images/img13965.png,88.0,2
ImageFolders/filtered_images/img13966.png,88.0,2
ImageFolders/filtered_images/img13967.png,72.0,2
ImageFolders/filtered_images/img13968.png,72.0,2
ImageFolders/filtered_images/img13969.png,59.0,2
ImageFolders/filtered_images/img13970.png,59.0,2
ImageFolders/filtered_images/img13971.png,77.0,2
ImageFolders/filtered_images/img13972.png,77.0,2
ImageFolders/filtered_images/img13973.png,71.0,2
ImageFolders/filtered_images/img13981.png,73.0,2
ImageFolders/filtered_images/img13982.png,73.0,2
ImageFolders/filtered_images/img13985.png,70.0,2
ImageFolders/filtered_images/img13986.png,70.0,2
ImageFolders/filtered_images/img13993.png,81.0,2
ImageFolders/filtered_images/img13994.png,81.0,2
ImageFolders/filtered_images/img14003.png,50.0,2
ImageFolders/filtered_images/img14004.png,50.0,2
ImageFolders/filtered_images/img14009.png,70.0,2
ImageFolders/filtered_images/img14010.png,70.0,2
ImageFolders/filtered_images/img14011.png,82.0,2
ImageFolders/filtered_images/img14012.png,82.0,2
ImageFolders/filtered_images/img14013.png,63.0,2
ImageFolders/filtered_images/img14014.png,63.0,2
ImageFolders/filtered_images/img14016.png,33.0,2
ImageFolders/filtered_images/img14021.png,70.0,2
ImageFolders/filtered_images/img14022.png,70.0,2
ImageFolders/filtered_images/img14037.png,55.0,2
ImageFolders/filtered_images/img14038.png,55.0,2
ImageFolders/filtered_images/img14039.png,59.0,2
ImageFolders/filtered_images/img14040.png,59.0,2
ImageFolders/filtered_images/img14041.png,67.0,2
ImageFolders/filtered_images/img14042.png,67.0,2
ImageFolders/filtered_images/img14043.png,60.0,2
ImageFolders/filtered_images/img14044.png,60.0,2
ImageFolders/filtered_images/img14047.png,73.0,2
ImageFolders/filtered_images/img14048.png,73.0,2
ImageFolders/filtered_images/img14066.png,64.0,2
ImageFolders/filtered_images/img14067.png,64.0,2
ImageFolders/filtered_images/img14068.png,57.0,2
ImageFolders/filtered_images/img14069.png,57.0,2
ImageFolders/filtered_images/img14072.png,58.0,2
ImageFolders/filtered_images/img14073.png,58.0,2
ImageFolders/filtered_images/img14082.png,46.0,2
ImageFolders/filtered_images/img14083.png,46.0,2
ImageFolders/filtered_images/img14084.png,63.0,2
ImageFolders/filtered_images/img14085.png,63.0,2
ImageFolders/filtered_images/img14091.png,78.0,2
ImageFolders/filtered_images/img14092.png,78.0,2
ImageFolders/filtered_images/img14095.png,58.0,2
ImageFolders/filtered_images/img14096.png,58.0,2
ImageFolders/filtered_images/img14103.png,53.0,2
ImageFolders/filtered_images/img14104.png,53.0,2
ImageFolders/filtered_images/img14105.png,59.0,2
ImageFolders/filtered_images/img14106.png,59.0,2
ImageFolders/filtered_images/img14107.png,71.0,2
ImageFolders/filtered_images/img14108.png,71.0,2
ImageFolders/filtered_images/img14111.png,63.0,2
ImageFolders/filtered_images/img14112.png,63.0,2
ImageFolders/filtered_images/img14113.png,63.0,2
ImageFolders/filtered_images/img14114.png,63.0,2
ImageFolders/filtered_images/img14115.png,72.0,2
ImageFolders/filtered_images/img14116.png,72.0,2
ImageFolders/filtered_images/img14117.png,50.0,2
ImageFolders/filtered_images/img14118.png,50.0,2
ImageFolders/filtered_images/img14119.png,62.0,2
ImageFolders/filtered_images/img14120.png,62.0,2
ImageFolders/filtered_images/img14123.png,52.0,2
ImageFolders/filtered_images/img14124.png,52.0,2
ImageFolders/filtered_images/img14127.png,67.0,2
ImageFolders/filtered_images/img14128.png,67.0,2
ImageFolders/filtered_images/img14129.png,67.0,2
ImageFolders/filtered_images/img14137.png,72.0,2
ImageFolders/filtered_images/img14138.png,72.0,2
ImageFolders/filtered_images/img14139.png,60.0,2
ImageFolders/filtered_images/img14140.png,60.0,2
ImageFolders/filtered_images/img14143.png,74.0,2
ImageFolders/filtered_images/img14144.png,74.0,2
ImageFolders/filtered_images/img14145.png,60.0,2
ImageFolders/filtered_images/img14146.png,60.0,2
ImageFolders/filtered_images/img14151.png,77.0,2
ImageFolders/filtered_images/img14156.png,74.0,2
ImageFolders/filtered_images/img14157.png,74.0,2
ImageFolders/filtered_images/img14160.png,79.0,2
ImageFolders/filtered_images/img14161.png,60.0,2
ImageFolders/filtered_images/img14162.png,60.0,2
ImageFolders/filtered_images/img14165.png,65.0,2
ImageFolders/filtered_images/img14166.png,65.0,2
ImageFolders/filtered_images/img14169.png,72.0,2
ImageFolders/filtered_images/img14170.png,72.0,2
ImageFolders/filtered_images/img14175.png,62.0,2
ImageFolders/filtered_images/img14176.png,62.0,2
ImageFolders/filtered_images/img14177.png,75.0,2
ImageFolders/filtered_images/img14178.png,75.0,2
ImageFolders/filtered_images/img14181.png,78.0,2
ImageFolders/filtered_images/img14182.png,78.0,2
ImageFolders/filtered_images/img14191.png,52.0,2
ImageFolders/filtered_images/img14192.png,52.0,2
ImageFolders/filtered_images/img14195.png,56.0,2
ImageFolders/filtered_images/img14196.png,56.0,2
ImageFolders/filtered_images/img14209.png,67.0,2
ImageFolders/filtered_images/img14210.png,67.0,2
ImageFolders/filtered_images/img14213.png,73.0,2
ImageFolders/filtered_images/img14214.png,73.0,2
ImageFolders/filtered_images/img14215.png,55.0,2
ImageFolders/filtered_images/img14216.png,55.0,2
ImageFolders/filtered_images/img14217.png,62.0,2
ImageFolders/filtered_images/img14218.png,62.0,2
ImageFolders/filtered_images/img14221.png,39.0,2
ImageFolders/filtered_images/img14222.png,39.0,2
ImageFolders/filtered_images/img14223.png,54.0,2
ImageFolders/filtered_images/img14224.png,54.0,2
ImageFolders/filtered_images/img14227.png,26.0,2
ImageFolders/filtered_images/img14228.png,26.0,2
ImageFolders/filtered_images/img14229.png,68.0,2
ImageFolders/filtered_images/img14230.png,68.0,2
ImageFolders/filtered_images/img14238.png,78.0,2
ImageFolders/filtered_images/img14239.png,65.0,2
ImageFolders/filtered_images/img14240.png,65.0,2
ImageFolders/filtered_images/img14243.png,59.0,2
ImageFolders/filtered_images/img14244.png,59.0,2
ImageFolders/filtered_images/img14247.png,48.0,2
ImageFolders/filtered_images/img14248.png,48.0,2
ImageFolders/filtered_images/img14249.png,49.0,2
ImageFolders/filtered_images/img14250.png,49.0,2
ImageFolders/filtered_images/img14251.png,56.0,2
ImageFolders/filtered_images/img14252.png,56.0,2
ImageFolders/filtered_images/img14253.png,62.0,2
ImageFolders/filtered_images/img14254.png,62.0,2
ImageFolders/filtered_images/img14255.png,54.0,2
ImageFolders/filtered_images/img14256.png,54.0,2
ImageFolders/filtered_images/img14257.png,61.0,2
ImageFolders/filtered_images/img14258.png,61.0,2
ImageFolders/filtered_images/img14259.png,59.0,2
ImageFolders/filtered_images/img14260.png,59.0,2
ImageFolders/filtered_images/img14263.png,68.0,2
ImageFolders/filtered_images/img14264.png,68.0,2
ImageFolders/filtered_images/img14265.png,67.0,2
ImageFolders/filtered_images/img14266.png,67.0,2
ImageFolders/filtered_images/img14275.png,66.0,2
ImageFolders/filtered_images/img14276.png,66.0,2
ImageFolders/filtered_images/img14277.png,65.0,2
ImageFolders/filtered_images/img14278.png,65.0,2
ImageFolders/filtered_images/img14279.png,72.0,2
ImageFolders/filtered_images/img14280.png,72.0,2
ImageFolders/filtered_images/img14283.png,77.0,2
ImageFolders/filtered_images/img14284.png,77.0,2
ImageFolders/filtered_images/img14287.png,72.0,2
ImageFolders/filtered_images/img14288.png,72.0,2
ImageFolders/filtered_images/img14289.png,60.0,2
ImageFolders/filtered_images/img14290.png,60.0,2
ImageFolders/filtered_images/img14291.png,66.0,2
ImageFolders/filtered_images/img14292.png,66.0,2
ImageFolders/filtered_images/img14293.png,50.0,2
ImageFolders/filtered_images/img14294.png,50.0,2
ImageFolders/filtered_images/img14295.png,71.0,2
ImageFolders/filtered_images/img14296.png,71.0,2
ImageFolders/filtered_images/img14299.png,71.0,2
ImageFolders/filtered_images/img14301.png,74.0,2
ImageFolders/filtered_images/img14302.png,74.0,2
ImageFolders/filtered_images/img14311.png,54.0,2
ImageFolders/filtered_images/img14312.png,54.0,2
ImageFolders/filtered_images/img14315.png,71.0,2
ImageFolders/filtered_images/img14316.png,71.0,2
ImageFolders/filtered_images/img14323.png,65.0,2
ImageFolders/filtered_images/img14324.png,65.0,2
ImageFolders/filtered_images/img14325.png,64.0,2
ImageFolders/filtered_images/img14326.png,64.0,2
ImageFolders/filtered_images/img14333.png,80.0,2
ImageFolders/filtered_images/img14334.png,80.0,2
ImageFolders/filtered_images/img14337.png,78.0,2
ImageFolders/filtered_images/img14338.png,78.0,2
ImageFolders/filtered_images/img14343.png,64.0,2
ImageFolders/filtered_images/img14344.png,53.0,2
ImageFolders/filtered_images/img14345.png,53.0,2
ImageFolders/filtered_images/img14364.png,87.0,2
ImageFolders/filtered_images/img14366.png,64.0,2
ImageFolders/filtered_images/img14367.png,64.0,2
ImageFolders/filtered_images/img14370.png,65.0,2
ImageFolders/filtered_images/img14371.png,65.0,2
ImageFolders/filtered_images/img14376.png,69.0,2
ImageFolders/filtered_images/img14377.png,69.0,2
ImageFolders/filtered_images/img14378.png,60.0,2
ImageFolders/filtered_images/img14381.png,42.0,2
ImageFolders/filtered_images/img14382.png,74.0,2
ImageFolders/filtered_images/img14383.png,74.0,2
ImageFolders/filtered_images/img14384.png,55.0,2
ImageFolders/filtered_images/img14385.png,55.0,2
ImageFolders/filtered_images/img14388.png,66.0,2
ImageFolders/filtered_images/img14389.png,66.0,2
ImageFolders/filtered_images/img14390.png,80.0,2
ImageFolders/filtered_images/img14391.png,80.0,2
ImageFolders/filtered_images/img14393.png,51.0,2
ImageFolders/filtered_images/img14398.png,76.0,2
ImageFolders/filtered_images/img14399.png,76.0,2
ImageFolders/filtered_images/img14400.png,74.0,2
ImageFolders/filtered_images/img14401.png,74.0,2
ImageFolders/filtered_images/img14402.png,85.0,2
ImageFolders/filtered_images/img14403.png,85.0,2
ImageFolders/filtered_images/img14404.png,79.0,2
ImageFolders/filtered_images/img14405.png,79.0,2
ImageFolders/filtered_images/img14408.png,82.0,2
ImageFolders/filtered_images/img14409.png,82.0,2
ImageFolders/filtered_images/img14412.png,84.0,2
ImageFolders/filtered_images/img14413.png,84.0,2
ImageFolders/filtered_images/img14416.png,64.0,2
ImageFolders/filtered_images/img14417.png,64.0,2
ImageFolders/filtered_images/img14424.png,70.0,2
ImageFolders/filtered_images/img14425.png,70.0,2
ImageFolders/filtered_images/img14430.png,61.0,2
ImageFolders/filtered_images/img14431.png,61.0,2
ImageFolders/filtered_images/img14434.png,68.0,2
ImageFolders/filtered_images/img14435.png,68.0,2
ImageFolders/filtered_images/img14437.png,60.0,2
ImageFolders/filtered_images/img14438.png,65.0,2
ImageFolders/filtered_images/img14439.png,65.0,2
ImageFolders/filtered_images/img14442.png,60.0,2
ImageFolders/filtered_images/img14443.png,60.0,2
ImageFolders/filtered_images/img14446.png,75.0,2
ImageFolders/filtered_images/img14447.png,75.0,2
ImageFolders/filtered_images/img14448.png,52.0,2
ImageFolders/filtered_images/img14449.png,52.0,2
ImageFolders/filtered_images/img14452.png,53.0,2
ImageFolders/filtered_images/img14453.png,53.0,2
ImageFolders/filtered_images/img14459.png,80.0,2
ImageFolders/filtered_images/img14462.png,91.0,2
ImageFolders/filtered_images/img14463.png,91.0,2
ImageFolders/filtered_images/img14464.png,77.0,2
ImageFolders/filtered_images/img14465.png,77.0,2
ImageFolders/filtered_images/img14472.png,82.0,2
ImageFolders/filtered_images/img14473.png,82.0,2
ImageFolders/filtered_images/img14480.png,81.0,2
ImageFolders/filtered_images/img14481.png,81.0,2
ImageFolders/filtered_images/img14482.png,39.0,2
ImageFolders/filtered_images/img14483.png,39.0,2
ImageFolders/filtered_images/img14490.png,82.0,2
ImageFolders/filtered_images/img14491.png,82.0,2
ImageFolders/filtered_images/img14492.png,80.0,2
ImageFolders/filtered_images/img14493.png,80.0,2
ImageFolders/filtered_images/img14506.png,58.0,2
ImageFolders/filtered_images/img14507.png,58.0,2
ImageFolders/filtered_images/img14508.png,46.0,2
ImageFolders/filtered_images/img14509.png,46.0,2
ImageFolders/filtered_images/img14510.png,63.0,2
ImageFolders/filtered_images/img14511.png,63.0,2
ImageFolders/filtered_images/img14516.png,59.0,2
ImageFolders/filtered_images/img14517.png,59.0,2
ImageFolders/filtered_images/img14520.png,55.0,2
ImageFolders/filtered_images/img14521.png,55.0,2
ImageFolders/filtered_images/img14522.png,71.0,2
ImageFolders/filtered_images/img14523.png,71.0,2
ImageFolders/filtered_images/img14524.png,43.0,2
ImageFolders/filtered_images/img14525.png,43.0,2
ImageFolders/filtered_images/img14526.png,51.0,2
ImageFolders/filtered_images/img14527.png,51.0,2
ImageFolders/filtered_images/img14530.png,59.0,2
ImageFolders/filtered_images/img14531.png,59.0,2
ImageFolders/filtered_images/img14534.png,65.0,2
ImageFolders/filtered_images/img14535.png,65.0,2
ImageFolders/filtered_images/img14536.png,52.0,2
ImageFolders/filtered_images/img14537.png,52.0,2
ImageFolders/filtered_images/img14538.png,62.0,2
ImageFolders/filtered_images/img14539.png,62.0,2
ImageFolders/filtered_images/img14540.png,79.0,2
ImageFolders/filtered_images/img14541.png,79.0,2
ImageFolders/filtered_images/img14542.png,43.0,2
ImageFolders/filtered_images/img14543.png,43.0,2
ImageFolders/filtered_images/img14553.png,68.0,2
ImageFolders/filtered_images/img14554.png,68.0,2
ImageFolders/filtered_images/img14555.png,68.0,2
ImageFolders/filtered_images/img14556.png,68.0,2
ImageFolders/filtered_images/img14557.png,50.0,2
ImageFolders/filtered_images/img14558.png,50.0,2
ImageFolders/filtered_images/img14565.png,67.0,2
ImageFolders/filtered_images/img14566.png,67.0,2
ImageFolders/filtered_images/img14567.png,49.0,2
ImageFolders/filtered_images/img14568.png,49.0,2
ImageFolders/filtered_images/img14569.png,72.0,2
ImageFolders/filtered_images/img14570.png,72.0,2
ImageFolders/filtered_images/img14573.png,56.0,2
ImageFolders/filtered_images/img14574.png,56.0,2
ImageFolders/filtered_images/img14575.png,65.0,2
ImageFolders/filtered_images/img14576.png,65.0,2
ImageFolders/filtered_images/img14581.png,54.0,2
ImageFolders/filtered_images/img14582.png,54.0,2
ImageFolders/filtered_images/img14583.png,51.0,2
ImageFolders/filtered_images/img14584.png,51.0,2
ImageFolders/filtered_images/img14599.png,42.0,2
ImageFolders/filtered_images/img14600.png,42.0,2
ImageFolders/filtered_images/img14609.png,53.0,2
ImageFolders/filtered_images/img14610.png,53.0,2
ImageFolders/filtered_images/img14611.png,56.0,2
ImageFolders/filtered_images/img14612.png,56.0,2
ImageFolders/filtered_images/img14613.png,50.0,2
ImageFolders/filtered_images/img14614.png,50.0,2
ImageFolders/filtered_images/img14617.png,42.0,2
ImageFolders/filtered_images/img14618.png,42.0,2
ImageFolders/filtered_images/img14619.png,45.0,2
ImageFolders/filtered_images/img14620.png,45.0,2
ImageFolders/filtered_images/img14623.png,58.0,2
ImageFolders/filtered_images/img14624.png,58.0,2
ImageFolders/filtered_images/img14625.png,64.0,2
ImageFolders/filtered_images/img14626.png,64.0,2
ImageFolders/filtered_images/img14633.png,80.0,2
ImageFolders/filtered_images/img14634.png,80.0,2
ImageFolders/filtered_images/img14637.png,56.0,2
ImageFolders/filtered_images/img14638.png,56.0,2
ImageFolders/filtered_images/img14639.png,39.0,2
ImageFolders/filtered_images/img14640.png,39.0,2
ImageFolders/filtered_images/img14643.png,66.0,2
ImageFolders/filtered_images/img14644.png,66.0,2
ImageFolders/filtered_images/img14657.png,42.0,2
ImageFolders/filtered_images/img14658.png,42.0,2
ImageFolders/filtered_images/img14669.png,81.0,2
ImageFolders/filtered_images/img14670.png,81.0,2
ImageFolders/filtered_images/img14684.png,49.0,2
ImageFolders/filtered_images/img14691.png,72.0,2
ImageFolders/filtered_images/img14692.png,72.0,2
ImageFolders/filtered_images/img14699.png,67.0,2
ImageFolders/filtered_images/img14700.png,67.0,2
ImageFolders/filtered_images/img14703.png,68.0,2
ImageFolders/filtered_images/img14704.png,68.0,2
ImageFolders/filtered_images/img14707.png,60.0,2
ImageFolders/filtered_images/img14708.png,60.0,2
ImageFolders/filtered_images/img14711.png,61.0,2
ImageFolders/filtered_images/img14712.png,61.0,2
ImageFolders/filtered_images/img14715.png,78.0,2
ImageFolders/filtered_images/img14716.png,50.0,2
ImageFolders/filtered_images/img14717.png,50.0,2
ImageFolders/filtered_images/img14718.png,56.0,2
ImageFolders/filtered_images/img14719.png,56.0,2
ImageFolders/filtered_images/img14723.png,76.0,2
ImageFolders/filtered_images/img14724.png,76.0,2
ImageFolders/filtered_images/img14731.png,47.0,2
ImageFolders/filtered_images/img14732.png,47.0,2
ImageFolders/filtered_images/img14740.png,55.0,2
ImageFolders/filtered_images/img14745.png,63.0,2
ImageFolders/filtered_images/img14746.png,63.0,2
ImageFolders/filtered_images/img14747.png,69.0,2
ImageFolders/filtered_images/img14748.png,69.0,2
ImageFolders/filtered_images/img14751.png,60.0,2
ImageFolders/filtered_images/img14752.png,60.0,2
ImageFolders/filtered_images/img14753.png,65.0,2
ImageFolders/filtered_images/img14754.png,65.0,2
ImageFolders/filtered_images/img14759.png,88.0,2
ImageFolders/filtered_images/img14760.png,88.0,2
ImageFolders/filtered_images/img14761.png,72.0,2
ImageFolders/filtered_images/img14762.png,72.0,2
ImageFolders/filtered_images/img14763.png,52.0,2
ImageFolders/filtered_images/img14764.png,52.0,2
ImageFolders/filtered_images/img14765.png,60.0,2
ImageFolders/filtered_images/img14766.png,60.0,2
ImageFolders/filtered_images/img14767.png,49.0,2
ImageFolders/filtered_images/img14768.png,49.0,2
ImageFolders/filtered_images/img14769.png,53.0,2
ImageFolders/filtered_images/img14773.png,38.0,2
ImageFolders/filtered_images/img14774.png,38.0,2
ImageFolders/filtered_images/img14775.png,67.0,2
ImageFolders/filtered_images/img14776.png,55.0,2
ImageFolders/filtered_images/img14777.png,55.0,2
ImageFolders/filtered_images/img14790.png,56.0,2
ImageFolders/filtered_images/img14791.png,56.0,2
ImageFolders/filtered_images/img14794.png,66.0,2
ImageFolders/filtered_images/img14795.png,66.0,2
ImageFolders/filtered_images/img14798.png,47.0,2
ImageFolders/filtered_images/img14799.png,47.0,2
ImageFolders/filtered_images/img14800.png,80.0,2
ImageFolders/filtered_images/img14801.png,80.0,2
ImageFolders/filtered_images/img14802.png,67.0,2
ImageFolders/filtered_images/img14803.png,67.0,2
ImageFolders/filtered_images/img14808.png,86.0,2
ImageFolders/filtered_images/img14809.png,65.0,2
ImageFolders/filtered_images/img14810.png,65.0,2
ImageFolders/filtered_images/img14813.png,75.0,2
ImageFolders/filtered_images/img14814.png,75.0,2
ImageFolders/filtered_images/img14825.png,64.0,2
ImageFolders/filtered_images/img14826.png,64.0,2
ImageFolders/filtered_images/img14827.png,77.0,2
ImageFolders/filtered_images/img14828.png,77.0,2
ImageFolders/filtered_images/img14829.png,70.0,2
ImageFolders/filtered_images/img14830.png,70.0,2
ImageFolders/filtered_images/img14832.png,72.0,2
ImageFolders/filtered_images/img14835.png,55.0,2
ImageFolders/filtered_images/img14836.png,55.0,2
ImageFolders/filtered_images/img14837.png,69.0,2
ImageFolders/filtered_images/img14838.png,46.0,2
ImageFolders/filtered_images/img14839.png,46.0,2
ImageFolders/filtered_images/img14842.png,73.0,2
ImageFolders/filtered_images/img14843.png,73.0,2
ImageFolders/filtered_images/img14844.png,69.0,2
ImageFolders/filtered_images/img14845.png,69.0,2
ImageFolders/filtered_images/img14848.png,53.0,2
ImageFolders/filtered_images/img14849.png,53.0,2
ImageFolders/filtered_images/img14852.png,52.0,2
ImageFolders/filtered_images/img14853.png,52.0,2
ImageFolders/filtered_images/img14858.png,61.0,2
ImageFolders/filtered_images/img14859.png,61.0,2
ImageFolders/filtered_images/img14870.png,67.0,2
ImageFolders/filtered_images/img14871.png,67.0,2
ImageFolders/filtered_images/img14872.png,62.0,2
ImageFolders/filtered_images/img14873.png,62.0,2
ImageFolders/filtered_images/img14874.png,57.0,2
ImageFolders/filtered_images/img14875.png,57.0,2
ImageFolders/filtered_images/img14878.png,56.0,2
ImageFolders/filtered_images/img14879.png,56.0,2
ImageFolders/filtered_images/img14880.png,73.0,2
ImageFolders/filtered_images/img14881.png,73.0,2
ImageFolders/filtered_images/img14888.png,65.0,2
ImageFolders/filtered_images/img14889.png,65.0,2
ImageFolders/filtered_images/img14892.png,55.0,2
ImageFolders/filtered_images/img14893.png,55.0,2
ImageFolders/filtered_images/img14896.png,71.0,2
ImageFolders/filtered_images/img14897.png,71.0,2
ImageFolders/filtered_images/img14898.png,70.0,2
ImageFolders/filtered_images/img14899.png,70.0,2
ImageFolders/filtered_images/img14906.png,84.0,2
ImageFolders/filtered_images/img14907.png,84.0,2
ImageFolders/filtered_images/img14908.png,81.0,2
ImageFolders/filtered_images/img14913.png,71.0,2
ImageFolders/filtered_images/img14914.png,71.0,2
ImageFolders/filtered_images/img14917.png,50.0,2
ImageFolders/filtered_images/img14918.png,50.0,2
ImageFolders/filtered_images/img14919.png,65.0,2
ImageFolders/filtered_images/img14920.png,65.0,2
ImageFolders/filtered_images/img14921.png,65.0,2
ImageFolders/filtered_images/img14922.png,65.0,2
ImageFolders/filtered_images/img14923.png,71.0,2
ImageFolders/filtered_images/img14924.png,71.0,2
ImageFolders/filtered_images/img14925.png,82.0,2
ImageFolders/filtered_images/img14926.png,82.0,2
ImageFolders/filtered_images/img14927.png,82.0,2
ImageFolders/filtered_images/img14928.png,82.0,2
ImageFolders/filtered_images/img14929.png,64.0,2
ImageFolders/filtered_images/img14930.png,64.0,2
ImageFolders/filtered_images/img14935.png,77.0,2
ImageFolders/filtered_images/img14936.png,77.0,2
ImageFolders/filtered_images/img14939.png,80.0,2
ImageFolders/filtered_images/img14940.png,80.0,2
ImageFolders/filtered_images/img14943.png,49.0,2
ImageFolders/filtered_images/img14944.png,49.0,2
ImageFolders/filtered_images/img14947.png,53.0,2
ImageFolders/filtered_images/img14948.png,53.0,2
ImageFolders/filtered_images/img14949.png,66.0,2
ImageFolders/filtered_images/img14950.png,66.0,2
ImageFolders/filtered_images/img14953.png,59.0,2
ImageFolders/filtered_images/img14954.png,59.0,2
ImageFolders/filtered_images/img14956.png,56.0,2
ImageFolders/filtered_images/img14963.png,59.0,2
ImageFolders/filtered_images/img14964.png,59.0,2
ImageFolders/filtered_images/img14965.png,49.0,2
ImageFolders/filtered_images/img14966.png,49.0,2
ImageFolders/filtered_images/img14969.png,62.0,2
ImageFolders/filtered_images/img14970.png,62.0,2
ImageFolders/filtered_images/img14971.png,55.0,2
ImageFolders/filtered_images/img14972.png,55.0,2
ImageFolders/filtered_images/img14977.png,60.0,2
ImageFolders/filtered_images/img14978.png,60.0,2
ImageFolders/filtered_images/img14979.png,60.0,2
ImageFolders/filtered_images/img14980.png,58.0,2
ImageFolders/filtered_images/img14981.png,58.0,2
ImageFolders/filtered_images/img14982.png,64.0,2
ImageFolders/filtered_images/img14983.png,64.0,2
ImageFolders/filtered_images/img14986.png,60.0,2
ImageFolders/filtered_images/img14995.png,62.0,2
ImageFolders/filtered_images/img14996.png,62.0,2
ImageFolders/filtered_images/img14997.png,41.0,2
ImageFolders/filtered_images/img14998.png,41.0,2
ImageFolders/filtered_images/img15009.png,53.0,2
ImageFolders/filtered_images/img15010.png,53.0,2
ImageFolders/filtered_images/img15011.png,62.0,2
ImageFolders/filtered_images/img15012.png,62.0,2
ImageFolders/filtered_images/img15015.png,56.0,2
ImageFolders/filtered_images/img15016.png,56.0,2
ImageFolders/filtered_images/img15017.png,63.0,2
ImageFolders/filtered_images/img15018.png,63.0,2
ImageFolders/filtered_images/img15023.png,65.0,2
ImageFolders/filtered_images/img15024.png,65.0,2
ImageFolders/filtered_images/img15033.png,63.0,2
ImageFolders/filtered_images/img15034.png,63.0,2
ImageFolders/filtered_images/img15037.png,47.0,2
ImageFolders/filtered_images/img15038.png,47.0,2
ImageFolders/filtered_images/img15039.png,63.0,2
ImageFolders/filtered_images/img15040.png,63.0,2
ImageFolders/filtered_images/img15043.png,59.0,2
ImageFolders/filtered_images/img15044.png,59.0,2
ImageFolders/filtered_images/img15045.png,59.0,2
ImageFolders/filtered_images/img15046.png,59.0,2
ImageFolders/filtered_images/img15049.png,57.0,2
ImageFolders/filtered_images/img15050.png,57.0,2
ImageFolders/filtered_images/img15051.png,64.0,2
ImageFolders/filtered_images/img15052.png,64.0,2
ImageFolders/filtered_images/img15056.png,61.0,2
ImageFolders/filtered_images/img15057.png,61.0,2
ImageFolders/filtered_images/img15066.png,52.0,2
ImageFolders/filtered_images/img15067.png,52.0,2
ImageFolders/filtered_images/img15068.png,45.0,2
ImageFolders/filtered_images/img15069.png,45.0,2
ImageFolders/filtered_images/img15074.png,71.0,2
ImageFolders/filtered_images/img15075.png,71.0,2
ImageFolders/filtered_images/img15076.png,58.0,2
ImageFolders/filtered_images/img15077.png,58.0,2
ImageFolders/filtered_images/img15078.png,76.0,2
ImageFolders/filtered_images/img15079.png,76.0,2
ImageFolders/filtered_images/img15085.png,61.0,2
ImageFolders/filtered_images/img15086.png,61.0,2
ImageFolders/filtered_images/img15089.png,56.0,2
ImageFolders/filtered_images/img15090.png,56.0,2
ImageFolders/filtered_images/img15091.png,71.0,2
ImageFolders/filtered_images/img15092.png,71.0,2
ImageFolders/filtered_images/img15095.png,69.0,2
ImageFolders/filtered_images/img15096.png,69.0,2
ImageFolders/filtered_images/img15104.png,71.0,2
ImageFolders/filtered_images/img15105.png,71.0,2
ImageFolders/filtered_images/img15106.png,72.0,2
ImageFolders/filtered_images/img15107.png,72.0,2
ImageFolders/filtered_images/img15108.png,70.0,2
ImageFolders/filtered_images/img15109.png,70.0,2
ImageFolders/filtered_images/img15112.png,79.0,2
ImageFolders/filtered_images/img15113.png,79.0,2
ImageFolders/filtered_images/img15116.png,54.0,2
ImageFolders/filtered_images/img15117.png,54.0,2
ImageFolders/filtered_images/img15118.png,71.0,2
ImageFolders/filtered_images/img15119.png,71.0,2
ImageFolders/filtered_images/img15122.png,81.0,2
ImageFolders/filtered_images/img15123.png,81.0,2
ImageFolders/filtered_images/img15124.png,66.0,2
ImageFolders/filtered_images/img15125.png,66.0,2
ImageFolders/filtered_images/img15128.png,68.0,2
ImageFolders/filtered_images/img15129.png,68.0,2
ImageFolders/filtered_images/img15134.png,73.0,2
ImageFolders/filtered_images/img15135.png,73.0,2
ImageFolders/filtered_images/img15136.png,59.0,2
ImageFolders/filtered_images/img15137.png,59.0,2
ImageFolders/filtered_images/img15142.png,64.0,2
ImageFolders/filtered_images/img15143.png,64.0,2
ImageFolders/filtered_images/img15144.png,71.0,2
ImageFolders/filtered_images/img15145.png,71.0,2
ImageFolders/filtered_images/img15148.png,61.0,2
ImageFolders/filtered_images/img15149.png,61.0,2
ImageFolders/filtered_images/img15150.png,69.0,2
ImageFolders/filtered_images/img15151.png,69.0,2
ImageFolders/filtered_images/img15152.png,66.0,2
ImageFolders/filtered_images/img15170.png,62.0,2
ImageFolders/filtered_images/img15171.png,62.0,2
ImageFolders/filtered_images/img15172.png,69.0,2
ImageFolders/filtered_images/img15173.png,69.0,2
ImageFolders/filtered_images/img15176.png,56.0,2
ImageFolders/filtered_images/img15177.png,56.0,2
ImageFolders/filtered_images/img15178.png,73.0,2
ImageFolders/filtered_images/img15179.png,73.0,2
ImageFolders/filtered_images/img15180.png,74.0,2
ImageFolders/filtered_images/img15181.png,74.0,2
ImageFolders/filtered_images/img15184.png,59.0,2
ImageFolders/filtered_images/img15185.png,59.0,2
ImageFolders/filtered_images/img15186.png,57.0,2
ImageFolders/filtered_images/img15187.png,57.0,2
ImageFolders/filtered_images/img15197.png,82.0,2
ImageFolders/filtered_images/img15198.png,82.0,2
ImageFolders/filtered_images/img15201.png,83.0,2
ImageFolders/filtered_images/img15202.png,83.0,2
ImageFolders/filtered_images/img15203.png,63.0,2
ImageFolders/filtered_images/img15204.png,63.0,2
ImageFolders/filtered_images/img15205.png,60.0,2
ImageFolders/filtered_images/img15206.png,60.0,2
ImageFolders/filtered_images/img15207.png,66.0,2
ImageFolders/filtered_images/img15208.png,66.0,2
ImageFolders/filtered_images/img15214.png,77.0,2
ImageFolders/filtered_images/img15215.png,77.0,2
ImageFolders/filtered_images/img15218.png,60.0,2
ImageFolders/filtered_images/img15219.png,60.0,2
ImageFolders/filtered_images/img15222.png,70.0,2
ImageFolders/filtered_images/img15223.png,70.0,2
ImageFolders/filtered_images/img15224.png,77.0,2
ImageFolders/filtered_images/img15225.png,77.0,2
ImageFolders/filtered_images/img15228.png,67.0,2
ImageFolders/filtered_images/img15229.png,67.0,2
ImageFolders/filtered_images/img15230.png,69.0,2
ImageFolders/filtered_images/img15231.png,69.0,2
ImageFolders/filtered_images/img15232.png,71.0,2
ImageFolders/filtered_images/img15233.png,71.0,2
ImageFolders/filtered_images/img15234.png,70.0,2
ImageFolders/filtered_images/img15235.png,70.0,2
ImageFolders/filtered_images/img15236.png,60.0,2
ImageFolders/filtered_images/img15237.png,60.0,2
ImageFolders/filtered_images/img15239.png,72.0,2
ImageFolders/filtered_images/img15240.png,55.0,2
ImageFolders/filtered_images/img15241.png,55.0,2
ImageFolders/filtered_images/img15244.png,56.0,2
ImageFolders/filtered_images/img15245.png,56.0,2
ImageFolders/filtered_images/img15248.png,66.0,2
ImageFolders/filtered_images/img15249.png,66.0,2
ImageFolders/filtered_images/img15250.png,54.0,2
ImageFolders/filtered_images/img15251.png,54.0,2
ImageFolders/filtered_images/img15252.png,60.0,2
ImageFolders/filtered_images/img15253.png,60.0,2
ImageFolders/filtered_images/img15256.png,88.0,2
ImageFolders/filtered_images/img15259.png,24.0,2
ImageFolders/filtered_images/img15260.png,24.0,2
ImageFolders/filtered_images/img15261.png,58.0,2
ImageFolders/filtered_images/img15262.png,58.0,2
ImageFolders/filtered_images/img15263.png,75.0,2
ImageFolders/filtered_images/img15264.png,75.0,2
ImageFolders/filtered_images/img15265.png,74.0,2
ImageFolders/filtered_images/img15266.png,74.0,2
ImageFolders/filtered_images/img15267.png,81.0,2
ImageFolders/filtered_images/img15268.png,81.0,2
ImageFolders/filtered_images/img15269.png,63.0,2
ImageFolders/filtered_images/img15270.png,63.0,2
ImageFolders/filtered_images/img15273.png,72.0,2
ImageFolders/filtered_images/img15274.png,72.0,2
ImageFolders/filtered_images/img15277.png,68.0,2
ImageFolders/filtered_images/img15278.png,68.0,2
ImageFolders/filtered_images/img15279.png,67.0,2
ImageFolders/filtered_images/img15280.png,67.0,2
ImageFolders/filtered_images/img15281.png,80.0,2
ImageFolders/filtered_images/img15282.png,80.0,2
ImageFolders/filtered_images/img15285.png,61.0,2
ImageFolders/filtered_images/img15286.png,61.0,2
ImageFolders/filtered_images/img15287.png,69.0,2
ImageFolders/filtered_images/img15288.png,69.0,2
ImageFolders/filtered_images/img15289.png,51.0,2
ImageFolders/filtered_images/img15290.png,51.0,2
ImageFolders/filtered_images/img15293.png,71.0,2
ImageFolders/filtered_images/img15294.png,71.0,2
ImageFolders/filtered_images/img15302.png,66.0,2
ImageFolders/filtered_images/img15303.png,66.0,2
ImageFolders/filtered_images/img15304.png,74.0,2
ImageFolders/filtered_images/img15305.png,74.0,2
ImageFolders/filtered_images/img15311.png,67.0,2
ImageFolders/filtered_images/img15312.png,67.0,2
ImageFolders/filtered_images/img15315.png,56.0,2
ImageFolders/filtered_images/img15316.png,56.0,2
ImageFolders/filtered_images/img15317.png,65.0,2
ImageFolders/filtered_images/img15318.png,65.0,2
ImageFolders/filtered_images/img15321.png,69.0,2
ImageFolders/filtered_images/img15324.png,66.0,2
ImageFolders/filtered_images/img15325.png,66.0,2
ImageFolders/filtered_images/img15326.png,80.0,2
ImageFolders/filtered_images/img15327.png,80.0,2
ImageFolders/filtered_images/img15330.png,48.0,2
ImageFolders/filtered_images/img15331.png,48.0,2
ImageFolders/filtered_images/img15332.png,65.0,2
ImageFolders/filtered_images/img15333.png,65.0,2
ImageFolders/filtered_images/img15334.png,54.0,2
ImageFolders/filtered_images/img15337.png,62.0,2
ImageFolders/filtered_images/img15338.png,62.0,2
ImageFolders/filtered_images/img15344.png,85.0,2
ImageFolders/filtered_images/img15345.png,85.0,2
ImageFolders/filtered_images/img15346.png,65.0,2
ImageFolders/filtered_images/img15347.png,65.0,2
ImageFolders/filtered_images/img15348.png,68.0,2
ImageFolders/filtered_images/img15349.png,68.0,2
ImageFolders/filtered_images/img15352.png,59.0,2
ImageFolders/filtered_images/img15353.png,59.0,2
ImageFolders/filtered_images/img15363.png,66.0,2
ImageFolders/filtered_images/img15364.png,66.0,2
ImageFolders/filtered_images/img15369.png,70.0,2
ImageFolders/filtered_images/img15370.png,70.0,2
ImageFolders/filtered_images/img15371.png,65.0,2
ImageFolders/filtered_images/img15372.png,65.0,2
ImageFolders/filtered_images/img15373.png,82.0,2
ImageFolders/filtered_images/img15374.png,82.0,2
ImageFolders/filtered_images/img15377.png,73.0,2
ImageFolders/filtered_images/img15378.png,73.0,2
ImageFolders/filtered_images/img15379.png,78.0,2
ImageFolders/filtered_images/img15380.png,78.0,2
ImageFolders/filtered_images/img15384.png,68.0,2
ImageFolders/filtered_images/img15385.png,68.0,2
ImageFolders/filtered_images/img15390.png,59.0,2
ImageFolders/filtered_images/img15391.png,59.0,2
ImageFolders/filtered_images/img15392.png,50.0,2
ImageFolders/filtered_images/img15393.png,50.0,2
ImageFolders/filtered_images/img15406.png,65.0,2
ImageFolders/filtered_images/img15407.png,65.0,2
ImageFolders/filtered_images/img15414.png,57.0,2
ImageFolders/filtered_images/img15415.png,57.0,2
ImageFolders/filtered_images/img15418.png,60.0,2
ImageFolders/filtered_images/img15419.png,60.0,2
ImageFolders/filtered_images/img15421.png,55.0,2
ImageFolders/filtered_images/img15430.png,60.0,2
ImageFolders/filtered_images/img15431.png,60.0,2
ImageFolders/filtered_images/img15434.png,55.0,2
ImageFolders/filtered_images/img15435.png,55.0,2
ImageFolders/filtered_images/img15436.png,64.0,2
ImageFolders/filtered_images/img15437.png,64.0,2
ImageFolders/filtered_images/img15438.png,68.0,2
ImageFolders/filtered_images/img15439.png,68.0,2
ImageFolders/filtered_images/img15444.png,76.0,2
ImageFolders/filtered_images/img15445.png,76.0,2
ImageFolders/filtered_images/img15450.png,80.0,2
ImageFolders/filtered_images/img15451.png,80.0,2
ImageFolders/filtered_images/img15452.png,53.0,2
ImageFolders/filtered_images/img15453.png,53.0,2
ImageFolders/filtered_images/img15454.png,85.0,2
ImageFolders/filtered_images/img15455.png,85.0,2
ImageFolders/filtered_images/img15456.png,63.0,2
ImageFolders/filtered_images/img15457.png,63.0,2
ImageFolders/filtered_images/img15458.png,71.0,2
ImageFolders/filtered_images/img15459.png,71.0,2
ImageFolders/filtered_images/img15460.png,31.0,2
ImageFolders/filtered_images/img15461.png,31.0,2
ImageFolders/filtered_images/img15462.png,67.0,2
ImageFolders/filtered_images/img15463.png,67.0,2
ImageFolders/filtered_images/img15468.png,71.0,2
ImageFolders/filtered_images/img15469.png,71.0,2
ImageFolders/filtered_images/img15471.png,59.0,2
ImageFolders/filtered_images/img15472.png,52.0,2
ImageFolders/filtered_images/img15473.png,52.0,2
ImageFolders/filtered_images/img15474.png,66.0,2
ImageFolders/filtered_images/img15475.png,66.0,2
ImageFolders/filtered_images/img15478.png,59.0,2
ImageFolders/filtered_images/img15479.png,59.0,2
ImageFolders/filtered_images/img15480.png,59.0,2
ImageFolders/filtered_images/img15481.png,59.0,2
ImageFolders/filtered_images/img15482.png,13.0,2
ImageFolders/filtered_images/img15483.png,13.0,2
ImageFolders/filtered_images/img15484.png,15.0,2
ImageFolders/filtered_images/img15485.png,15.0,2
ImageFolders/filtered_images/img15486.png,65.0,2
ImageFolders/filtered_images/img15487.png,65.0,2
ImageFolders/filtered_images/img15488.png,61.0,2
ImageFolders/filtered_images/img15489.png,74.0,2
ImageFolders/filtered_images/img15490.png,74.0,2
ImageFolders/filtered_images/img15491.png,61.0,2
ImageFolders/filtered_images/img15492.png,61.0,2
ImageFolders/filtered_images/img15493.png,70.0,2
ImageFolders/filtered_images/img15494.png,70.0,2
ImageFolders/filtered_images/img15495.png,57.0,2
ImageFolders/filtered_images/img15496.png,57.0,2
ImageFolders/filtered_images/img15497.png,57.0,2
ImageFolders/filtered_images/img15498.png,57.0,2
ImageFolders/filtered_images/img15499.png,66.0,2
ImageFolders/filtered_images/img15500.png,66.0,2
ImageFolders/filtered_images/img15501.png,75.0,2
ImageFolders/filtered_images/img15502.png,75.0,2
ImageFolders/filtered_images/img15503.png,63.0,2
ImageFolders/filtered_images/img15504.png,63.0,2
ImageFolders/filtered_images/img15509.png,78.0,2
ImageFolders/filtered_images/img15510.png,78.0,2
ImageFolders/filtered_images/img15515.png,70.0,2
ImageFolders/filtered_images/img15516.png,70.0,2
ImageFolders/filtered_images/img15527.png,66.0,2
ImageFolders/filtered_images/img15528.png,66.0,2
ImageFolders/filtered_images/img15529.png,85.0,2
ImageFolders/filtered_images/img15530.png,85.0,2
ImageFolders/filtered_images/img15533.png,57.0,2
ImageFolders/filtered_images/img15534.png,57.0,2
ImageFolders/filtered_images/img15536.png,72.0,2
ImageFolders/filtered_images/img15537.png,72.0,2
ImageFolders/filtered_images/img15540.png,59.0,2
ImageFolders/filtered_images/img15541.png,59.0,2
ImageFolders/filtered_images/img15542.png,57.0,2
ImageFolders/filtered_images/img15543.png,57.0,2
ImageFolders/filtered_images/img15548.png,86.0,2
ImageFolders/filtered_images/img15549.png,86.0,2
ImageFolders/filtered_images/img15552.png,60.0,2
ImageFolders/filtered_images/img15553.png,60.0,2
ImageFolders/filtered_images/img15556.png,76.0,2
ImageFolders/filtered_images/img15557.png,76.0,2
ImageFolders/filtered_images/img15561.png,70.0,2
ImageFolders/filtered_images/img15562.png,70.0,2
ImageFolders/filtered_images/img15563.png,54.0,2
ImageFolders/filtered_images/img15564.png,54.0,2
ImageFolders/filtered_images/img15565.png,55.0,2
ImageFolders/filtered_images/img15566.png,55.0,2
ImageFolders/filtered_images/img15567.png,60.0,2
ImageFolders/filtered_images/img15568.png,60.0,2
ImageFolders/filtered_images/img15573.png,63.0,2
ImageFolders/filtered_images/img15575.png,60.0,2
ImageFolders/filtered_images/img15576.png,60.0,2
ImageFolders/filtered_images/img15577.png,60.0,2
ImageFolders/filtered_images/img15578.png,60.0,2
ImageFolders/filtered_images/img15581.png,56.0,2
ImageFolders/filtered_images/img15582.png,56.0,2
ImageFolders/filtered_images/img15589.png,90.0,2
ImageFolders/filtered_images/img15590.png,83.0,2
ImageFolders/filtered_images/img15591.png,83.0,2
ImageFolders/filtered_images/img15592.png,81.0,2
ImageFolders/filtered_images/img15593.png,81.0,2
ImageFolders/filtered_images/img15602.png,46.0,2
ImageFolders/filtered_images/img15603.png,46.0,2
ImageFolders/filtered_images/img15604.png,80.0,2
ImageFolders/filtered_images/img15605.png,80.0,2
ImageFolders/filtered_images/img15606.png,69.0,2
ImageFolders/filtered_images/img15607.png,69.0,2
ImageFolders/filtered_images/img15613.png,72.0,2
ImageFolders/filtered_images/img15614.png,72.0,2
ImageFolders/filtered_images/img15619.png,58.0,2
ImageFolders/filtered_images/img15620.png,58.0,2
ImageFolders/filtered_images/img15625.png,70.0,2
ImageFolders/filtered_images/img15626.png,70.0,2
ImageFolders/filtered_images/img15627.png,59.0,2
ImageFolders/filtered_images/img15628.png,59.0,2
ImageFolders/filtered_images/img15629.png,66.0,2
ImageFolders/filtered_images/img15630.png,66.0,2
ImageFolders/filtered_images/img15634.png,76.0,2
ImageFolders/filtered_images/img15635.png,76.0,2
ImageFolders/filtered_images/img15648.png,57.0,2
ImageFolders/filtered_images/img15649.png,57.0,2
ImageFolders/filtered_images/img15650.png,68.0,2
ImageFolders/filtered_images/img15651.png,68.0,2
ImageFolders/filtered_images/img15652.png,58.0,2
ImageFolders/filtered_images/img15653.png,58.0,2
ImageFolders/filtered_images/img15654.png,66.0,2
ImageFolders/filtered_images/img15655.png,65.0,2
ImageFolders/filtered_images/img15656.png,65.0,2
ImageFolders/filtered_images/img15657.png,57.0,2
ImageFolders/filtered_images/img15658.png,57.0,2
ImageFolders/filtered_images/img15659.png,56.0,2
ImageFolders/filtered_images/img15660.png,56.0,2
ImageFolders/filtered_images/img15661.png,64.0,2
ImageFolders/filtered_images/img15662.png,64.0,2
ImageFolders/filtered_images/img15665.png,70.0,2
ImageFolders/filtered_images/img15666.png,70.0,2
ImageFolders/filtered_images/img15677.png,76.0,2
ImageFolders/filtered_images/img15678.png,76.0,2
ImageFolders/filtered_images/img15679.png,82.0,2
ImageFolders/filtered_images/img15680.png,82.0,2
ImageFolders/filtered_images/img15685.png,73.0,2
ImageFolders/filtered_images/img15686.png,73.0,2
ImageFolders/filtered_images/img15695.png,68.0,2
ImageFolders/filtered_images/img15696.png,68.0,2
ImageFolders/filtered_images/img15697.png,66.0,2
ImageFolders/filtered_images/img15698.png,66.0,2
ImageFolders/filtered_images/img15703.png,73.0,2
ImageFolders/filtered_images/img15704.png,73.0,2
ImageFolders/filtered_images/img15719.png,61.0,2
ImageFolders/filtered_images/img15720.png,61.0,2
ImageFolders/filtered_images/img15721.png,75.0,2
ImageFolders/filtered_images/img15722.png,57.0,2
ImageFolders/filtered_images/img15723.png,57.0,2
ImageFolders/filtered_images/img15725.png,62.0,2
ImageFolders/filtered_images/img15736.png,48.0,2
ImageFolders/filtered_images/img15738.png,67.0,2
ImageFolders/filtered_images/img15739.png,67.0,2
ImageFolders/filtered_images/img15740.png,50.0,2
ImageFolders/filtered_images/img15743.png,59.0,2
ImageFolders/filtered_images/img15744.png,59.0,2
ImageFolders/filtered_images/img15756.png,54.0,2
ImageFolders/filtered_images/img15757.png,54.0,2
ImageFolders/filtered_images/img15760.png,48.0,2
ImageFolders/filtered_images/img15763.png,83.0,2
ImageFolders/filtered_images/img15764.png,83.0,2
ImageFolders/filtered_images/img15773.png,58.0,2
ImageFolders/filtered_images/img15780.png,77.0,2
ImageFolders/filtered_images/img15781.png,77.0,2
ImageFolders/filtered_images/img15782.png,67.0,2
ImageFolders/filtered_images/img15783.png,67.0,2
ImageFolders/filtered_images/img15784.png,58.0,2
ImageFolders/filtered_images/img15785.png,58.0,2
ImageFolders/filtered_images/img15792.png,66.0,2
ImageFolders/filtered_images/img15793.png,66.0,2
ImageFolders/filtered_images/img15796.png,47.0,2
ImageFolders/filtered_images/img15797.png,47.0,2
ImageFolders/filtered_images/img15804.png,61.0,2
ImageFolders/filtered_images/img15805.png,61.0,2
ImageFolders/filtered_images/img15806.png,69.0,2
ImageFolders/filtered_images/img15807.png,69.0,2
ImageFolders/filtered_images/img15821.png,54.0,2
ImageFolders/filtered_images/img15822.png,74.0,2
ImageFolders/filtered_images/img15824.png,58.0,2
ImageFolders/filtered_images/img15825.png,63.0,2
ImageFolders/filtered_images/img15826.png,63.0,2
ImageFolders/filtered_images/img15831.png,78.0,2
ImageFolders/filtered_images/img15832.png,78.0,2
ImageFolders/filtered_images/img15833.png,57.0,2
ImageFolders/filtered_images/img15834.png,57.0,2
ImageFolders/filtered_images/img15835.png,50.0,2
ImageFolders/filtered_images/img15836.png,50.0,2
ImageFolders/filtered_images/img15839.png,48.0,2
ImageFolders/filtered_images/img15840.png,48.0,2
ImageFolders/filtered_images/img15843.png,68.0,2
ImageFolders/filtered_images/img15844.png,68.0,2
ImageFolders/filtered_images/img15847.png,49.0,2
ImageFolders/filtered_images/img15848.png,49.0,2
ImageFolders/filtered_images/img15849.png,61.0,2
ImageFolders/filtered_images/img15850.png,61.0,2
ImageFolders/filtered_images/img15851.png,82.0,2
ImageFolders/filtered_images/img15852.png,82.0,2
ImageFolders/filtered_images/img15853.png,62.0,2
ImageFolders/filtered_images/img15854.png,62.0,2
ImageFolders/filtered_images/img15855.png,70.0,2
ImageFolders/filtered_images/img15856.png,70.0,2
ImageFolders/filtered_images/img15857.png,74.0,2
ImageFolders/filtered_images/img15858.png,58.0,2
ImageFolders/filtered_images/img15859.png,58.0,2
ImageFolders/filtered_images/img15860.png,64.0,2
ImageFolders/filtered_images/img15861.png,64.0,2
ImageFolders/filtered_images/img15862.png,89.0,2
ImageFolders/filtered_images/img15863.png,89.0,2
ImageFolders/filtered_images/img15866.png,63.0,2
ImageFolders/filtered_images/img15867.png,63.0,2
ImageFolders/filtered_images/img15870.png,73.0,2
ImageFolders/filtered_images/img15871.png,73.0,2
ImageFolders/filtered_images/img15878.png,55.0,2
ImageFolders/filtered_images/img15883.png,64.0,2
ImageFolders/filtered_images/img15884.png,70.0,2
ImageFolders/filtered_images/img15885.png,70.0,2
ImageFolders/filtered_images/img15892.png,83.0,2
ImageFolders/filtered_images/img15893.png,83.0,2
ImageFolders/filtered_images/img15900.png,52.0,2
ImageFolders/filtered_images/img15901.png,52.0,2
ImageFolders/filtered_images/img15906.png,59.0,2
ImageFolders/filtered_images/img15907.png,59.0,2
ImageFolders/filtered_images/img15908.png,69.0,2
ImageFolders/filtered_images/img15909.png,42.0,2
ImageFolders/filtered_images/img15910.png,42.0,2
ImageFolders/filtered_images/img15911.png,64.0,2
ImageFolders/filtered_images/img15912.png,64.0,2
ImageFolders/filtered_images/img15915.png,62.0,2
ImageFolders/filtered_images/img15916.png,62.0,2
ImageFolders/filtered_images/img15921.png,70.0,2
ImageFolders/filtered_images/img15922.png,70.0,2
ImageFolders/filtered_images/img15923.png,80.0,2
ImageFolders/filtered_images/img15924.png,80.0,2
ImageFolders/filtered_images/img15925.png,59.0,2
ImageFolders/filtered_images/img15927.png,79.0,2
ImageFolders/filtered_images/img15928.png,79.0,2
ImageFolders/filtered_images/img15937.png,70.0,2
ImageFolders/filtered_images/img15938.png,70.0,2
ImageFolders/filtered_images/img15939.png,62.0,2
ImageFolders/filtered_images/img15940.png,62.0,2
ImageFolders/filtered_images/img15943.png,57.0,2
ImageFolders/filtered_images/img15944.png,57.0,2
ImageFolders/filtered_images/img15947.png,74.0,2
ImageFolders/filtered_images/img15948.png,74.0,2
ImageFolders/filtered_images/img15949.png,80.0,2
ImageFolders/filtered_images/img15950.png,80.0,2
ImageFolders/filtered_images/img15951.png,37.0,2
ImageFolders/filtered_images/img15952.png,51.0,2
ImageFolders/filtered_images/img15953.png,51.0,2
ImageFolders/filtered_images/img15956.png,76.0,2
ImageFolders/filtered_images/img15957.png,76.0,2
ImageFolders/filtered_images/img15958.png,72.0,2
ImageFolders/filtered_images/img15959.png,72.0,2
ImageFolders/filtered_images/img15960.png,61.0,2
ImageFolders/filtered_images/img15961.png,61.0,2
ImageFolders/filtered_images/img15964.png,65.0,2
ImageFolders/filtered_images/img15965.png,65.0,2
ImageFolders/filtered_images/img15966.png,68.0,2
ImageFolders/filtered_images/img15967.png,68.0,2
ImageFolders/filtered_images/img15968.png,61.0,2
ImageFolders/filtered_images/img15973.png,71.0,2
ImageFolders/filtered_images/img15974.png,71.0,2
ImageFolders/filtered_images/img15976.png,73.0,2
ImageFolders/filtered_images/img15979.png,83.0,2
ImageFolders/filtered_images/img15980.png,83.0,2
ImageFolders/filtered_images/img15981.png,44.0,2
ImageFolders/filtered_images/img15982.png,44.0,2
ImageFolders/filtered_images/img15983.png,78.0,2
ImageFolders/filtered_images/img15984.png,78.0,2
ImageFolders/filtered_images/img15987.png,80.0,2
ImageFolders/filtered_images/img15988.png,80.0,2
ImageFolders/filtered_images/img15993.png,61.0,2
ImageFolders/filtered_images/img15996.png,41.0,2
ImageFolders/filtered_images/img15997.png,88.0,2
ImageFolders/filtered_images/img15998.png,88.0,2
ImageFolders/filtered_images/img15999.png,69.0,2
ImageFolders/filtered_images/img16000.png,69.0,2
ImageFolders/filtered_images/img16003.png,65.0,2
ImageFolders/filtered_images/img16004.png,65.0,2
ImageFolders/filtered_images/img16005.png,54.0,2
ImageFolders/filtered_images/img16006.png,54.0,2
ImageFolders/filtered_images/img16013.png,43.0,2
ImageFolders/filtered_images/img16014.png,81.0,2
ImageFolders/filtered_images/img16015.png,81.0,2
ImageFolders/filtered_images/img16016.png,63.0,2
ImageFolders/filtered_images/img16017.png,63.0,2
ImageFolders/filtered_images/img16018.png,63.0,2
ImageFolders/filtered_images/img16019.png,63.0,2
ImageFolders/filtered_images/img16020.png,68.0,2
ImageFolders/filtered_images/img16021.png,68.0,2
ImageFolders/filtered_images/img16026.png,77.0,2
ImageFolders/filtered_images/img16027.png,77.0,2
ImageFolders/filtered_images/img16031.png,63.0,2
ImageFolders/filtered_images/img16032.png,56.0,2
ImageFolders/filtered_images/img16033.png,53.0,2
ImageFolders/filtered_images/img16034.png,53.0,2
ImageFolders/filtered_images/img16035.png,57.0,2
ImageFolders/filtered_images/img16036.png,57.0,2
ImageFolders/filtered_images/img16039.png,65.0,2
ImageFolders/filtered_images/img16040.png,65.0,2
ImageFolders/filtered_images/img16041.png,48.0,2
ImageFolders/filtered_images/img16042.png,48.0,2
ImageFolders/filtered_images/img16047.png,45.0,2
ImageFolders/filtered_images/img16048.png,45.0,2
ImageFolders/filtered_images/img16049.png,66.0,2
ImageFolders/filtered_images/img16050.png,66.0,2
ImageFolders/filtered_images/img16057.png,55.0,2
ImageFolders/filtered_images/img16058.png,55.0,2
ImageFolders/filtered_images/img16063.png,83.0,2
ImageFolders/filtered_images/img16064.png,83.0,2
ImageFolders/filtered_images/img16073.png,74.0,2
ImageFolders/filtered_images/img16074.png,74.0,2
ImageFolders/filtered_images/img16075.png,54.0,2
ImageFolders/filtered_images/img16076.png,54.0,2
ImageFolders/filtered_images/img16077.png,68.0,2
ImageFolders/filtered_images/img16078.png,68.0,2
ImageFolders/filtered_images/img16081.png,71.0,2
ImageFolders/filtered_images/img16084.png,76.0,2
ImageFolders/filtered_images/img16085.png,76.0,2
ImageFolders/filtered_images/img16090.png,68.0,2
ImageFolders/filtered_images/img16091.png,68.0,2
ImageFolders/filtered_images/img16092.png,82.0,2
ImageFolders/filtered_images/img16093.png,82.0,2
ImageFolders/filtered_images/img16098.png,79.0,2
ImageFolders/filtered_images/img16099.png,79.0,2
ImageFolders/filtered_images/img16104.png,69.0,2
ImageFolders/filtered_images/img16105.png,69.0,2
ImageFolders/filtered_images/img16108.png,60.0,2
ImageFolders/filtered_images/img16109.png,60.0,2
ImageFolders/filtered_images/img16112.png,59.0,2
ImageFolders/filtered_images/img16113.png,59.0,2
ImageFolders/filtered_images/img16114.png,55.0,2
ImageFolders/filtered_images/img16115.png,55.0,2
ImageFolders/filtered_images/img16116.png,64.0,2
ImageFolders/filtered_images/img16117.png,64.0,2
ImageFolders/filtered_images/img16120.png,61.0,2
ImageFolders/filtered_images/img16121.png,61.0,2
ImageFolders/filtered_images/img16122.png,54.0,2
ImageFolders/filtered_images/img16123.png,54.0,2
ImageFolders/filtered_images/img16128.png,58.0,2
ImageFolders/filtered_images/img16129.png,58.0,2
ImageFolders/filtered_images/img16136.png,72.0,2
ImageFolders/filtered_images/img16137.png,72.0,2
ImageFolders/filtered_images/img16146.png,75.0,2
ImageFolders/filtered_images/img16147.png,75.0,2
ImageFolders/filtered_images/img16148.png,64.0,2
ImageFolders/filtered_images/img16149.png,64.0,2
ImageFolders/filtered_images/img16152.png,57.0,2
ImageFolders/filtered_images/img16153.png,57.0,2
ImageFolders/filtered_images/img16159.png,71.0,2
ImageFolders/filtered_images/img16160.png,71.0,2
ImageFolders/filtered_images/img16163.png,73.0,2
ImageFolders/filtered_images/img16164.png,73.0,2
ImageFolders/filtered_images/img16165.png,40.0,2
ImageFolders/filtered_images/img16166.png,40.0,2
ImageFolders/filtered_images/img16171.png,46.0,2
ImageFolders/filtered_images/img16172.png,46.0,2
ImageFolders/filtered_images/img16173.png,12.0,2
ImageFolders/filtered_images/img16174.png,12.0,2
ImageFolders/filtered_images/img16175.png,20.0,2
ImageFolders/filtered_images/img16176.png,20.0,2
ImageFolders/filtered_images/img16177.png,62.0,2
ImageFolders/filtered_images/img16178.png,62.0,2
ImageFolders/filtered_images/img16181.png,77.0,2
ImageFolders/filtered_images/img16182.png,77.0,2
ImageFolders/filtered_images/img16185.png,81.0,2
ImageFolders/filtered_images/img16186.png,81.0,2
ImageFolders/filtered_images/img16187.png,52.0,2
ImageFolders/filtered_images/img16188.png,52.0,2
ImageFolders/filtered_images/img16191.png,29.0,1
ImageFolders/filtered_images/img16192.png,29.0,1
ImageFolders/filtered_images/img16193.png,28.0,2
ImageFolders/filtered_images/img16194.png,28.0,2
ImageFolders/filtered_images/img16195.png,18.0,1
ImageFolders/filtered_images/img16196.png,18.0,1
ImageFolders/filtered_images/img16197.png,25.0,1
ImageFolders/filtered_images/img16198.png,25.0,1
ImageFolders/filtered_images/img16199.png,41.0,1
ImageFolders/filtered_images/img16200.png,41.0,1
ImageFolders/filtered_images/img16202.png,15.0,1
ImageFolders/filtered_images/img16203.png,14.0,1
ImageFolders/filtered_images/img16204.png,14.0,1
ImageFolders/filtered_images/img16205.png,23.0,2
ImageFolders/filtered_images/img16206.png,23.0,2
ImageFolders/filtered_images/img16209.png,51.0,2
ImageFolders/filtered_images/img16210.png,51.0,2
ImageFolders/filtered_images/img16213.png,28.0,2
ImageFolders/filtered_images/img16214.png,28.0,2
ImageFolders/filtered_images/img16215.png,52.0,2
ImageFolders/filtered_images/img16216.png,52.0,2
ImageFolders/filtered_images/img16217.png,16.0,1
ImageFolders/filtered_images/img16218.png,16.0,1
ImageFolders/filtered_images/img16219.png,22.0,2
ImageFolders/filtered_images/img16220.png,22.0,2
ImageFolders/filtered_images/img16221.png,20.0,2
ImageFolders/filtered_images/img16222.png,20.0,2
ImageFolders/filtered_images/img16223.png,34.0,2
ImageFolders/filtered_images/img16224.png,34.0,2
ImageFolders/filtered_images/img16225.png,17.0,2
ImageFolders/filtered_images/img16226.png,17.0,2
ImageFolders/filtered_images/img16227.png,17.0,1
ImageFolders/filtered_images/img16228.png,17.0,1
ImageFolders/filtered_images/img16229.png,16.0,1
ImageFolders/filtered_images/img16230.png,16.0,1
ImageFolders/filtered_images/img16231.png,28.0,1
ImageFolders/filtered_images/img16232.png,28.0,1
ImageFolders/filtered_images/img16236.png,26.0,2
ImageFolders/filtered_images/img16237.png,25.0,1
ImageFolders/filtered_images/img16238.png,25.0,1
ImageFolders/filtered_images/img16245.png,49.0,2
ImageFolders/filtered_images/img16246.png,49.0,2
ImageFolders/filtered_images/img16249.png,16.0,1
ImageFolders/filtered_images/img16250.png,16.0,1
ImageFolders/filtered_images/img16251.png,29.0,1
ImageFolders/filtered_images/img16252.png,29.0,1
ImageFolders/filtered_images/img16253.png,13.0,1
ImageFolders/filtered_images/img16254.png,13.0,1
ImageFolders/filtered_images/img16255.png,17.0,1
ImageFolders/filtered_images/img16256.png,17.0,1
ImageFolders/filtered_images/img16257.png,21.0,1
ImageFolders/filtered_images/img16258.png,21.0,1
ImageFolders/filtered_images/img16259.png,13.0,2
ImageFolders/filtered_images/img16260.png,13.0,2
